{"content":[{"id":"d7c4d41","settings":{"layout":"full_width","flex_gap":{"size":0,"unit":"px","column":"0","row":"0","isLinked":true},"structure":"40","padding":{"unit":"%","top":"5","right":"8","bottom":"5","left":"8","isLinked":""},"padding_tablet":{"unit":"%","top":"8","right":"5","bottom":"8","left":"5","isLinked":""},"reverse_order_tablet":"reverse-tablet","reverse_order_mobile":"reverse-mobile","padding_mobile":{"unit":"%","top":"20","right":"5","bottom":"20","left":"5","isLinked":""},"_title":"Footer","flex_direction":"row","flex_align_items":"stretch","content_width":"full","flex_direction_tablet":"row-reverse","flex_wrap_tablet":"wrap","background_background":"classic","background_color":"#FFFFFF"},"elements":[{"id":"298fa24d","settings":{"_column_size":"25","width":{"size":46,"unit":"%"},"flex_gap":{"size":"50","unit":"px","column":"50","row":"50","isLinked":true},"padding":{"unit":"%","top":"0","right":"20","bottom":"0","left":"0","isLinked":""},"width_tablet":{"size":"100","unit":"%"},"flex_gap_tablet":{"size":"30","unit":"px","column":"30","row":"30","isLinked":true},"margin_tablet":{"unit":"%","top":"8","right":"0","bottom":"0","left":"0","isLinked":""},"padding_tablet":{"unit":"%","top":"0","right":"35","bottom":"0","left":"0","isLinked":""},"margin_mobile":{"unit":"%","top":"25","right":"0","bottom":"0","left":"0","isLinked":""},"padding_mobile":{"unit":"px","top":"0","right":"0","bottom":"0","left":"0","isLinked":""},"content_width":"full","_flex_order_tablet":"end","flex_direction":"column"},"elements":[{"id":"5fd48d76","settings":{"title_text":"","description_text":"Summarize your business so the visitor can learn about your offerings from any page on your website.","title_size":"span","image_space":{"unit":"px","size":"20","sizes":[]},"image_size":{"unit":"%","size":16,"sizes":[]},"text_align":"left","__dynamic__":{"image":"[elementor-tag id=\"768ac1e\" name=\"site-logo\" settings=\"%7B%7D\"]"},"image_space_mobile":{"unit":"px","size":"0","sizes":[]},"image":{"id":"19","url":"https:\/\/staging.hezlepinc.com\/wp-content\/uploads\/2025\/10\/placeholder-1-1.png"},"title_color":"#1C244B","title_typography_typography":"custom","title_typography_font_family":"Poppins","title_typography_font_size":{"unit":"px","size":65,"sizes":[]},"title_typography_font_size_tablet":{"unit":"px","size":45,"sizes":[]},"title_typography_font_size_mobile":{"unit":"px","size":28,"sizes":[]},"title_typography_font_weight":"600","title_typography_text_transform":"none","title_typography_font_style":"normal","title_typography_text_decoration":"none","title_typography_line_height":{"unit":"em","size":1.2,"sizes":[]},"title_typography_line_height_mobile":{"unit":"em","size":1.1,"sizes":[]},"title_typography_letter_spacing":{"unit":"px","size":0,"sizes":[]},"description_color":"#324A6D","description_typography_typography":"custom","description_typography_font_family":"Poppins","description_typography_font_size":{"unit":"px","size":16,"sizes":[]},"description_typography_font_size_tablet":{"unit":"px","size":14,"sizes":[]},"description_typography_font_weight":"300","description_typography_text_transform":"none","description_typography_font_style":"normal","description_typography_text_decoration":"none","description_typography_line_height":{"unit":"em","size":1.5,"sizes":[]},"description_typography_letter_spacing":{"unit":"px","size":0,"sizes":[]},"__globals__":[]},"elements":[],"isInner":false,"widgetType":"image-box","elType":"widget"},{"id":"32b0ad1f","settings":{"social_icon_list":[{"social_icon":{"value":"fab fa-facebook-f","library":"fa-brands"},"_id":"3f1b7ac","link":{"url":"#","is_external":"true","nofollow":"","custom_attributes":""}},{"social_icon":{"value":"","library":""},"_id":"5c0ce3c","link":{"url":"#","is_external":"true","nofollow":"","custom_attributes":""}},{"social_icon":{"value":"fab fa-twitter","library":"fa-brands"},"_id":"828f132","link":{"url":"#","is_external":"true","nofollow":"","custom_attributes":""}}],"align":"left","icon_color":"custom","icon_size":{"unit":"px","size":"23","sizes":[]},"icon_padding":{"unit":"em","size":"0","sizes":[]},"icon_spacing":{"unit":"px","size":20,"sizes":[]},"__globals__":[],"icon_size_tablet":{"unit":"px","size":"18","sizes":[]},"icon_primary_color":"#02010100","icon_secondary_color":"#467FF7","hover_secondary_color":"#C8D5DC"},"elements":[],"isInner":false,"widgetType":"social-icons","elType":"widget"}],"isInner":true,"elType":"container"},{"id":"3bfefb6e","settings":{"_column_size":"25","width":{"size":17,"unit":"%"},"width_tablet":{"size":"25","unit":"%"},"width_mobile":{"size":"50","unit":"%"},"margin_mobile":{"unit":"%","top":"","right":"","bottom":"","left":"","isLinked":true},"content_width":"full","flex_direction":"column","flex_gap":{"unit":"px","size":20,"sizes":[],"column":"20","row":"20","isLinked":true},"padding":{"unit":"px","top":"0","right":"0","bottom":"0","left":"0","isLinked":false}},"elements":[{"id":"7bc34669","settings":{"title":"Services","header_size":"h6","__globals__":[],"title_color":"#1C244B","typography_typography":"custom","typography_font_family":"Poppins","typography_font_size":{"unit":"px","size":22,"sizes":[]},"typography_font_size_mobile":{"unit":"px","size":18,"sizes":[]},"typography_font_weight":"600","typography_text_transform":"capitalize","typography_font_style":"normal","typography_text_decoration":"none","typography_line_height":{"unit":"em","size":1.2,"sizes":[]},"typography_letter_spacing":{"unit":"px","size":0,"sizes":[]}},"elements":[],"isInner":false,"widgetType":"heading","elType":"widget"},{"id":"42eee96","settings":{"icon_list":[{"text":"Service 1","selected_icon":{"value":"","library":""},"_id":"a5caa92","link":{"url":"https:\/\/library.elementor.com\/local-services-wireframe-1-flexbox\/services\/#service_1","is_external":"","nofollow":"","custom_attributes":""}},{"text":"Service 2","selected_icon":{"value":"","library":""},"link":{"url":"https:\/\/library.elementor.com\/local-services-wireframe-1-flexbox\/services\/#service_2","is_external":"","nofollow":"","custom_attributes":""},"_id":"ad6ec7f"},{"text":"Service 3","selected_icon":{"value":"","library":""},"link":{"url":"https:\/\/library.elementor.com\/local-services-wireframe-1-flexbox\/services\/#service_3","is_external":"","nofollow":"","custom_attributes":""},"_id":"1eeac9a"},{"text":"Service 4","selected_icon":{"value":"","library":""},"link":{"url":"https:\/\/library.elementor.com\/local-services-wireframe-1-flexbox\/services\/#service_4","is_external":"","nofollow":"","custom_attributes":""},"_id":"d5c9f75"},{"text":"Service 5","selected_icon":{"value":"","library":""},"link":{"url":"https:\/\/library.elementor.com\/local-services-wireframe-1-flexbox\/services\/#service_5","is_external":"","nofollow":"","custom_attributes":""},"_id":"e53588b"}],"space_between":{"unit":"px","size":"10","sizes":[]},"__globals__":[],"space_between_mobile":{"unit":"px","size":"8","sizes":[]},"icon_color":"#324A6D","text_color":"#324A6D","text_color_hover":"#C8D5DC","icon_typography_typography":"custom","icon_typography_font_family":"Poppins","icon_typography_font_size":{"unit":"px","size":16,"sizes":[]},"icon_typography_font_size_tablet":{"unit":"px","size":14,"sizes":[]},"icon_typography_font_weight":"300","icon_typography_text_transform":"none","icon_typography_font_style":"normal","icon_typography_text_decoration":"none","icon_typography_line_height":{"unit":"em","size":1.5,"sizes":[]},"icon_typography_letter_spacing":{"unit":"px","size":0,"sizes":[]}},"elements":[],"isInner":false,"widgetType":"icon-list","elType":"widget"}],"isInner":true,"elType":"container"},{"id":"32d7821d","settings":{"_column_size":"25","width":{"size":17,"unit":"%"},"width_tablet":{"size":"25","unit":"%"},"width_mobile":{"size":"50","unit":"%"},"margin_mobile":{"unit":"%","top":"","right":"","bottom":"","left":"","isLinked":true},"content_width":"full","flex_direction":"column","flex_gap":{"unit":"px","size":20,"sizes":[],"column":"20","row":"20","isLinked":true},"padding":{"unit":"px","top":"0","right":"0","bottom":"0","left":"0","isLinked":false}},"elements":[{"id":"4b786e7b","settings":{"title":"Quick Links","header_size":"h6","__globals__":[],"title_color":"#1C244B","typography_typography":"custom","typography_font_family":"Poppins","typography_font_size":{"unit":"px","size":22,"sizes":[]},"typography_font_size_mobile":{"unit":"px","size":18,"sizes":[]},"typography_font_weight":"600","typography_text_transform":"capitalize","typography_font_style":"normal","typography_text_decoration":"none","typography_line_height":{"unit":"em","size":1.2,"sizes":[]},"typography_letter_spacing":{"unit":"px","size":0,"sizes":[]}},"elements":[],"isInner":false,"widgetType":"heading","elType":"widget"},{"id":"71b49d95","settings":{"layout":"vertical","pointer":"none","dropdown":"none","padding_horizontal_menu_item":{"unit":"px","size":"0","sizes":[]},"padding_vertical_menu_item":{"unit":"px","size":"0","sizes":[]},"menu_space_between":{"unit":"px","size":"10","sizes":[]},"__globals__":[],"menu_space_between_mobile":{"unit":"px","size":"8","sizes":[]},"menu_typography_typography":"custom","menu_typography_font_family":"Poppins","menu_typography_font_size":{"unit":"px","size":16,"sizes":[]},"menu_typography_font_size_tablet":{"unit":"px","size":14,"sizes":[]},"menu_typography_font_weight":"300","menu_typography_text_transform":"none","menu_typography_font_style":"normal","menu_typography_text_decoration":"none","menu_typography_line_height":{"unit":"em","size":1.5,"sizes":[]},"menu_typography_letter_spacing":{"unit":"px","size":0,"sizes":[]},"color_menu_item":"#324A6D","color_menu_item_hover":"#C8D5DC","pointer_color_menu_item_hover":"#467FF7","nav_menu_divider_color":"#324A6D","dropdown_typography_typography":"custom","dropdown_typography_font_family":"Poppins","dropdown_typography_font_size":{"unit":"px","size":16,"sizes":[]},"dropdown_typography_font_size_tablet":{"unit":"px","size":14,"sizes":[]},"dropdown_typography_font_weight":"400","dropdown_typography_text_transform":"capitalize","dropdown_typography_font_style":"normal","dropdown_typography_text_decoration":"none","dropdown_typography_letter_spacing":{"unit":"px","size":0,"sizes":[]},"dropdown_typography_line_height":{"unit":"em","size":1,"sizes":[]},"menu_name":"Menu"},"elements":[],"isInner":false,"widgetType":"nav-menu","elType":"widget"}],"isInner":true,"elType":"container"},{"id":"699eb758","settings":{"_column_size":"25","width":{"size":20,"unit":"%"},"width_tablet":{"size":"50","unit":"%"},"padding_tablet":{"unit":"%","top":"0","right":"15","bottom":"0","left":"0","isLinked":""},"padding_mobile":{"unit":"px","top":"0","right":"0","bottom":"0","left":"0","isLinked":""},"content_width":"full","margin_mobile":{"unit":"%","top":"0","right":"0","bottom":"25","left":"0","isLinked":false},"_flex_order_mobile":"start","flex_direction":"column","flex_gap":{"unit":"px","size":20,"sizes":[],"column":"20","row":"20","isLinked":true},"padding":{"unit":"px","top":"0","right":"0","bottom":"0","left":"0","isLinked":false}},"elements":[{"id":"9ca23e8","settings":{"title":"Get In Touch","header_size":"h6","__globals__":[],"title_color":"#1C244B","typography_typography":"custom","typography_font_family":"Poppins","typography_font_size":{"unit":"px","size":22,"sizes":[]},"typography_font_size_mobile":{"unit":"px","size":18,"sizes":[]},"typography_font_weight":"600","typography_text_transform":"capitalize","typography_font_style":"normal","typography_text_decoration":"none","typography_line_height":{"unit":"em","size":1.2,"sizes":[]},"typography_letter_spacing":{"unit":"px","size":0,"sizes":[]}},"elements":[],"isInner":false,"widgetType":"heading","elType":"widget"},{"id":"78a1e23d","settings":{"editor":"<p>123 Main Street<br \/>New York, NY 10001<\/p>","_margin":{"unit":"px","top":"0","right":"0","bottom":"-16","left":"0","isLinked":false},"text_color":"#324A6D","typography_typography":"custom","typography_font_family":"Poppins","typography_font_size":{"unit":"px","size":16,"sizes":[]},"typography_font_size_tablet":{"unit":"px","size":14,"sizes":[]},"typography_font_weight":"300","typography_text_transform":"none","typography_font_style":"normal","typography_text_decoration":"none","typography_line_height":{"unit":"em","size":1.5,"sizes":[]},"typography_letter_spacing":{"unit":"px","size":0,"sizes":[]},"drop_cap_primary_color":"#1C244B","__globals__":[]},"elements":[],"isInner":false,"widgetType":"text-editor","elType":"widget"},{"id":"3e63a648","settings":{"icon_list":[{"text":"Email: contact@mysite.com","selected_icon":{"value":"","library":""},"_id":"a5caa92","link":{"url":"#","is_external":"","nofollow":"","custom_attributes":""},"__dynamic__":{"link":"[elementor-tag id=\"0c0ddc3\" name=\"contact-url\" settings=\"%7B%22link_type%22%3A%22email%22%2C%22mail_to%22%3A%22contact%40mysite.com%22%7D\"]"}},{"text":"Phone: 123-456-7890","selected_icon":{"value":"","library":""},"_id":"ad6ec7f","__dynamic__":{"link":"[elementor-tag id=\"329af31\" name=\"contact-url\" settings=\"%7B%22link_type%22%3A%22tel%22%2C%22tel_number%22%3A%22123-456-7890%22%7D\"]"}},{"text":"Hours: Mon-Fri 9:00AM - 5:00PM","selected_icon":{"value":"","library":""},"_id":"1eeac9a"}],"space_between":{"unit":"px","size":0,"sizes":[]},"__globals__":[],"space_between_mobile":{"unit":"px","size":"8","sizes":[]},"icon_color":"#324A6D","text_color":"#324A6D","icon_typography_typography":"custom","icon_typography_font_family":"Poppins","icon_typography_font_size":{"unit":"px","size":16,"sizes":[]},"icon_typography_font_size_tablet":{"unit":"px","size":14,"sizes":[]},"icon_typography_font_weight":"300","icon_typography_text_transform":"none","icon_typography_font_style":"normal","icon_typography_text_decoration":"none","icon_typography_line_height":{"unit":"em","size":1.5,"sizes":[]},"icon_typography_letter_spacing":{"unit":"px","size":0,"sizes":[]}},"elements":[],"isInner":false,"widgetType":"icon-list","elType":"widget"}],"isInner":true,"elType":"container"}],"isInner":false,"elType":"container"},{"id":"1a07720d","settings":{"flex_gap":{"size":0,"unit":"px","column":"0","row":"0","isLinked":true},"min_height":{"unit":"px","size":45,"sizes":[]},"content_position":"middle","background_background":"classic","__globals__":[],"_title":"Copyright","flex_direction":"column","flex_align_items":"stretch","flex_justify_content":"center","padding":{"unit":"%","top":"0","right":"8","bottom":"0","left":"8","isLinked":false},"padding_tablet":{"unit":"%","top":"0","right":"5","bottom":"0","left":"5","isLinked":false},"padding_mobile":{"unit":"%","top":"","right":"","bottom":"","left":"","isLinked":true},"background_color":"#467FF7"},"elements":[{"id":"178fdce","settings":{"title":"\u00a9 All Rights Reserved.","header_size":"p","align":"center","__globals__":[],"__dynamic__":{"title":"[elementor-tag id=\"17f9cbb\" name=\"current-date-time\" settings=\"%7B%22date_format%22%3A%22custom%22%2C%22custom_format%22%3A%22Y%22%2C%22before%22%3A%22%5Cu00a9+%22%2C%22after%22%3A%22+All+Rights+Reserved.%22%2C%22time_format%22%3A%22default%22%2C%22fallback%22%3A%22%22%7D\"]"},"title_color":"#FFFFFF","typography_typography":"custom","typography_font_family":"Poppins","typography_font_size":{"unit":"px","size":16,"sizes":[]},"typography_font_size_tablet":{"unit":"px","size":14,"sizes":[]},"typography_font_weight":"300","typography_text_transform":"none","typography_font_style":"normal","typography_text_decoration":"none","typography_line_height":{"unit":"em","size":1.5,"sizes":[]},"typography_letter_spacing":{"unit":"px","size":0,"sizes":[]}},"elements":[],"isInner":false,"widgetType":"heading","elType":"widget"}],"isInner":false,"elType":"container"}],"settings":[],"metadata":[]}