{"content":[],"settings":{"template":"default","system_colors":[{"_id":"primary","title":"Primary","color":"#007AFF"},{"_id":"secondary","title":"Secondary","color":"#0E1622"},{"_id":"text","title":"Text","color":"#5F6B7A"},{"_id":"accent","title":"Accent","color":"#FF6A00"}],"custom_colors":[{"_id":"0003653","title":"Primary Dark","color":"#005FCC"},{"_id":"54b6471","title":"Text Heading","color":"#1E1E1E"},{"_id":"651cee6","title":"Background","color":"#FFFFFF"},{"_id":"a357692","title":"Surface","color":"#F8FAFC"},{"_id":"489b251","title":"Border \/ Divider","color":"#E5E7EB"},{"_id":"3179b7b","title":"Success","color":"#22C55E"},{"_id":"07bc42f","title":"Error","color":"#EF4444"}],"system_typography":[{"_id":"primary","title":"Primary","typography_typography":"custom","typography_font_family":"Poppins","typography_font_weight":"700","typography_font_size":{"unit":"px","size":48,"sizes":[]}},{"_id":"secondary","title":"Secondary","typography_typography":"custom","typography_font_family":"Poppins","typography_font_weight":"600","typography_font_size":{"unit":"px","size":32,"sizes":[]}},{"_id":"text","title":"Text","typography_typography":"custom","typography_font_family":"Inter","typography_font_weight":"400","typography_font_size":{"unit":"px","size":16,"sizes":[]}},{"_id":"accent","title":"Accent","typography_typography":"custom","typography_font_family":"Inter","typography_font_weight":"600","typography_font_size":{"unit":"px","size":16,"sizes":[]}}],"custom_typography":[],"default_generic_fonts":"Sans-serif","page_title_selector":"h1.entry-title","hello_footer_copyright_text":"All rights reserved","viewport_md":768,"viewport_lg":1025,"typography_enable_styleguide_preview":"yes","activeItemIndex":7,"colors_enable_styleguide_preview":"yes","__globals__":{"h1_typography_typography":"globals\/typography?id=primary","h2_typography_typography":"globals\/typography?id=secondary","h3_typography_typography":"globals\/typography?id=secondary","h4_typography_typography":"globals\/typography?id=secondary","h5_typography_typography":"globals\/typography?id=text","h6_typography_typography":"globals\/typography?id=accent"}},"metadata":[],"theme":{"name":"Hello Child","theme_uri":"https:\/\/sparkyhq.com\/","version":"1.0.0","slug":"hello-child"},"experiments":{"e_font_icon_svg":{"name":"e_font_icon_svg","title":"Inline Font Icons","state":"default","default":"active","release_status":"stable"},"additional_custom_breakpoints":{"name":"additional_custom_breakpoints","title":"Additional Custom Breakpoints","state":"default","default":"active","release_status":"stable"},"container":{"name":"container","title":"Container","state":"default","default":"active","release_status":"stable"},"e_optimized_markup":{"name":"e_optimized_markup","title":"Optimized Markup","state":"default","default":"active","release_status":"stable"},"theme_builder_v2":{"name":"theme_builder_v2","title":"Default to New Theme Builder","state":"default","default":"active","release_status":"stable"},"hello-theme-header-footer":{"name":"hello-theme-header-footer","title":"Header &amp; Footer","state":"default","default":"active","release_status":"stable"},"e_pro_free_trial_popup":{"name":"e_pro_free_trial_popup","title":"Pro Free Trial Popup","state":"default","default":"active","release_status":"alpha"},"nested-elements":{"name":"nested-elements","title":"Nested Elements","state":"default","default":"active","release_status":"stable"},"pages_panel":{"name":"pages_panel","title":"Pages Panel","state":"default","default":"inactive","release_status":"alpha"},"home_screen":{"name":"home_screen","title":"Elementor Home Screen","state":"default","default":"active","release_status":"stable"},"e_atomic_elements":{"name":"e_atomic_elements","title":"Atomic Widgets","state":"default","default":"inactive","release_status":"alpha"},"e_classes":{"name":"e_classes","title":"Global Classes","state":"default","default":"inactive","release_status":"alpha"},"global_classes_should_enforce_capabilities":{"name":"global_classes_should_enforce_capabilities","title":"Enforce global classes capabilities","state":"default","default":"active","release_status":"dev"},"e_variables":{"name":"e_variables","title":"Variables","state":"default","default":"active","release_status":"alpha"},"cloud-library":{"name":"cloud-library","title":"Cloud Library","state":"active","default":"active","release_status":"stable"},"e_opt_in_v4_page":{"name":"e_opt_in_v4_page","title":"Editor v4 (Opt In Page)","state":"default","default":"active","release_status":"alpha"},"e_opt_in_v4":{"name":"e_opt_in_v4","title":"Editor V4","state":"default","default":"inactive","release_status":"alpha"},"e_components":{"name":"e_components","title":"Components","state":"default","default":"inactive","release_status":"dev"},"import-export-customization":{"name":"import-export-customization","title":"Import\/Export Customization","state":"default","default":"active","release_status":"beta"},"mega-menu":{"name":"mega-menu","title":"Menu","state":"default","default":"active","release_status":"beta"},"e_pro_variables":{"name":"e_pro_variables","title":"Size Variables","state":"default","default":"active","release_status":"alpha"},"editor_events":{"name":"editor_events","title":"Elementor Editor Events","state":"default","default":"active","release_status":"alpha"}}}