﻿{"content":[{"id":"fb43f49","settings":{"margin":{"unit":"%","top":"","right":"","bottom":"","left":"","isLinked":true},"padding":{"unit":"%","top":"0","right":"8","bottom":"0","left":"8","isLinked":false},"padding_tablet":{"unit":"%","top":"0","right":"5","bottom":"0","left":"5","isLinked":false},"padding_mobile":{"unit":"%","top":"","right":"","bottom":"","left":"","isLinked":true},"min_height":{"unit":"px","size":520,"sizes":[]},"flex_align_items":"stretch","background_image":{"url":"","id":"","size":"","alt":"","source":"library"},"background_position":"bottom right","background_repeat":"no-repeat","background_size":"cover","min_height_tablet":{"unit":"px","size":300,"sizes":[]},"min_height_mobile":{"unit":"px","size":260,"sizes":[]},"_title":"Hero","flex_direction":"row","flex_gap":{"size":10,"unit":"px","column":"10","row":"10","isLinked":true},"boxed_width":{"unit":"px","size":1520,"sizes":[]}},"elements":[{"id":"219df3d7","settings":{"_column_size":100,"width":{"size":null,"unit":"%"},"flex_justify_content":"center","align":"center","background_background":"classic","padding":{"unit":"%","top":"10","right":"10","bottom":"10","left":"10","isLinked":true},"padding_tablet":{"unit":"%","top":"","right":"","bottom":"","left":"","isLinked":true},"padding_mobile":{"unit":"%","top":"","right":"","bottom":"","left":"","isLinked":true},"__globals__":[],"background_image":{"id":"44","url":"https:\/\/staging.sparky-hq.com\/wp-content\/uploads\/2025\/10\/1920x540.jpg"},"background_position":"bottom right","background_repeat":"no-repeat","background_size":"cover","flex_direction":"column","boxed_width":{"unit":"px","size":630,"sizes":[]},"boxed_width_tablet":{"unit":"px","size":420,"sizes":[]},"boxed_width_mobile":{"unit":"%","size":100,"sizes":[]},"background_color":"#F3F5F8","flex_gap":{"unit":"px","size":20,"sizes":[],"column":"20","row":"20","isLinked":true}},"elements":[{"id":"2c2e51ca","settings":{"title":"Blog Name","align":"center","header_size":"h1","__dynamic__":[],"title_color":"#1C244B","typography_typography":"custom","typography_font_family":"Poppins","typography_font_size":{"unit":"px","size":65,"sizes":[]},"typography_font_size_tablet":{"unit":"px","size":45,"sizes":[]},"typography_font_size_mobile":{"unit":"px","size":28,"sizes":[]},"typography_font_weight":"600","typography_text_transform":"none","typography_font_style":"normal","typography_text_decoration":"none","typography_line_height":{"unit":"em","size":1.2,"sizes":[]},"typography_line_height_mobile":{"unit":"em","size":1.1,"sizes":[]},"typography_letter_spacing":{"unit":"px","size":0,"sizes":[]},"typography_word_spacing":{"unit":"em","size":0,"sizes":[]},"__globals__":[]},"elements":[],"isInner":false,"widgetType":"heading","elType":"widget"},{"id":"751968a","settings":{"editor":"<p>Lorem ipsum dolor sit amet, te has solet postea. Voluptua quaestio dissentias has ex no<\/p>","align":"center","_element_width":"inherit","_element_custom_width":{"unit":"px","size":650,"sizes":[]},"__dynamic__":{"editor":"[elementor-tag id=\"98ea1a4\" name=\"archive-description\" settings=\"%7B%22fallback%22%3A%22A%20short%20description%20introducing%20your%20blog%20so%20visitors%20know%20what%20type%20of%20posts%20they%20will%20find%20here.%22%7D\"]"},"__globals__":[],"text_color":"#324A6D","typography_typography":"custom","typography_font_family":"Poppins","typography_font_size":{"unit":"px","size":22,"sizes":[]},"typography_font_size_tablet":{"unit":"px","size":14,"sizes":[]},"typography_font_weight":"300","typography_text_transform":"none","typography_font_style":"normal","typography_text_decoration":"none","typography_line_height":{"unit":"em","size":1.5,"sizes":[]},"typography_letter_spacing":{"unit":"px","size":0,"sizes":[]},"drop_cap_primary_color":"#1C244B"},"elements":[],"isInner":false,"widgetType":"text-editor","elType":"widget"}],"isInner":true,"elType":"container"}],"isInner":false,"elType":"container"},{"id":"a47bf1e","settings":{"padding_tablet":{"unit":"%","top":"0","right":"5","bottom":"0","left":"5","isLinked":false},"padding_mobile":{"unit":"%","top":"","right":"","bottom":"","left":"","isLinked":true},"layout":"full_width","padding":{"unit":"%","top":"0","right":"8","bottom":"0","left":"8","isLinked":false},"_title":"Posts (part 1)","flex_direction":"column","flex_align_items":"stretch","flex_gap":{"size":30,"unit":"px","column":"30","row":"30","isLinked":true},"margin":{"unit":"%","top":"8","right":"0","bottom":"0","left":"0","isLinked":false},"margin_mobile":{"unit":"%","top":"","right":"","bottom":"","left":"","isLinked":true},"boxed_width":{"unit":"px","size":1520,"sizes":[]}},"elements":[{"id":"57c24430","settings":{"_skin":"cards","classic_meta_separator":"\/\/\/","classic_read_more_text":"Read More \u00bb","cards_meta_data":[],"cards_meta_separator":"\u2022","cards_read_more_text":"Read More","cards_show_avatar":"","full_content_meta_separator":"\/\/\/","cards_box_shadow_box_shadow_type":"","cards_hover_effect":"none","cards_badge_position":"left","cards_badge_color":"#F3F5F8","cards_title_spacing":{"unit":"px","size":8,"sizes":[]},"pagination_page_limit":"5","pagination_prev_label":"&laquo; Previous","pagination_next_label":"Next &raquo;","text":"Load More","load_more_no_posts_custom_message":"No more posts to show","__globals__":{"cards_badge_bg_color":"globals\/colors?id=accent","cards_badge_color":"globals\/colors?id=secondary","cards_badge_typography_typography":"","cards_title_typography_typography":"","cards_title_color":"","_border_color":"globals\/colors?id=primary","cards_meta_border_color":"","cards_read_more_typography_typography":""},"cards_badge_typography_font_size":{"unit":"px","size":16,"sizes":[]},"cards_badge_typography_font_size_tablet":{"unit":"px","size":14,"sizes":[]},"cards_column_gap":{"unit":"px","size":60,"sizes":[]},"cards_row_gap":{"unit":"px","size":80,"sizes":[]},"cards_card_border_width":{"unit":"px","size":0,"sizes":[]},"posts_offset":"","cards_column_gap_mobile":{"unit":"px","size":30,"sizes":[]},"cards_row_gap_tablet":{"unit":"px","size":71,"sizes":[]},"cards_row_gap_mobile":{"unit":"px","size":30,"sizes":[]},"cards_card_padding":{"unit":"px","size":0,"sizes":[]},"cards_badge_margin":{"unit":"px","size":1,"sizes":[]},"cards_title_spacing_mobile":{"unit":"px","size":9,"sizes":[]},"cards_badge_radius":{"unit":"px","size":0,"sizes":[]},"cards_thumbnail_size_size":"full","cards_item_ratio":{"unit":"px","size":0.8,"sizes":[]},"cards_title_tag":"h4","cards_excerpt_length":20,"cards_show_badge":"","classic_title_color":"#F3F5F8","classic_read_more_color":"#467FF7","cards_meta_border_color":"#1C244B","cards_badge_bg_color":"#467FF7","cards_badge_typography_typography":"custom","cards_badge_typography_font_family":"Poppins","cards_badge_typography_font_weight":"300","cards_badge_typography_text_transform":"none","cards_badge_typography_font_style":"normal","cards_badge_typography_text_decoration":"none","cards_badge_typography_line_height":{"unit":"em","size":1.5,"sizes":[]},"cards_badge_typography_letter_spacing":{"unit":"px","size":10,"sizes":[]},"cards_title_color":"#1C244B","cards_title_typography_typography":"custom","cards_title_typography_font_family":"Poppins","cards_title_typography_font_size":{"unit":"px","size":22,"sizes":[]},"cards_title_typography_font_size_mobile":{"unit":"px","size":18,"sizes":[]},"cards_title_typography_font_weight":"600","cards_title_typography_text_transform":"capitalize","cards_title_typography_font_style":"normal","cards_title_typography_text_decoration":"none","cards_title_typography_line_height":{"unit":"em","size":1.2,"sizes":[]},"cards_title_typography_letter_spacing":{"unit":"px","size":0,"sizes":[]},"cards_read_more_color":"#467FF7","cards_read_more_typography_typography":"custom","cards_read_more_typography_font_family":"Poppins","cards_read_more_typography_font_size":{"unit":"px","size":16,"sizes":[]},"cards_read_more_typography_font_size_tablet":{"unit":"px","size":14,"sizes":[]},"cards_read_more_typography_font_weight":"400","cards_read_more_typography_text_transform":"capitalize","cards_read_more_typography_font_style":"italic","cards_read_more_typography_text_decoration":"underline","cards_read_more_typography_line_height":{"unit":"em","size":1,"sizes":[]},"cards_read_more_typography_letter_spacing":{"unit":"px","size":0,"sizes":[]},"full_content_title_color":"#F3F5F8","full_content_read_more_color":"#467FF7","pagination_typography_typography":"custom","pagination_typography_font_family":"Poppins","pagination_typography_font_size":{"unit":"px","size":36,"sizes":[]},"pagination_typography_font_size_tablet":{"unit":"px","size":25,"sizes":[]},"pagination_typography_font_size_mobile":{"unit":"px","size":20,"sizes":[]},"pagination_typography_font_weight":"600","pagination_typography_text_transform":"capitalize","pagination_typography_font_style":"normal","pagination_typography_text_decoration":"none","pagination_typography_line_height":{"unit":"em","size":1.1,"sizes":[]},"pagination_typography_letter_spacing":{"unit":"px","size":0,"sizes":[]},"pagination_typography_word_spacing":{"unit":"em","size":0,"sizes":[]},"typography_typography":"custom","typography_font_family":"Poppins","typography_font_size":{"unit":"px","size":16,"sizes":[]},"typography_font_size_tablet":{"unit":"px","size":14,"sizes":[]},"typography_font_weight":"400","typography_text_transform":"capitalize","typography_font_style":"normal","typography_text_decoration":"none","typography_line_height":{"unit":"em","size":1,"sizes":[]},"typography_letter_spacing":{"unit":"px","size":0,"sizes":[]},"typography_word_spacing":{"unit":"em","size":0,"sizes":[]},"background_color":"#467FF7","_border_color":"#1C244B","classic_typography_typography":"custom","classic_typography_font_family":"Poppins","classic_typography_font_weight":"400","classic_typography_font_size":{"unit":"px","size":16,"sizes":[]},"classic_typography_text_transform":"capitalize","classic_typography_font_style":"normal","classic_typography_text_decoration":"none","classic_typography_line_height":{"unit":"em","size":1,"sizes":[]},"classic_typography_font_size_tablet":{"unit":"px","size":14,"sizes":[]},"classic_typography_font_size_mobile":{"unit":"px","size":20,"sizes":[]},"classic_typography_letter_spacing":{"unit":"px","size":0,"sizes":[]},"classic_typography_word_spacing":{"unit":"em","size":0,"sizes":[]},"classic_typography_line_height_mobile":{"unit":"em","size":1.1,"sizes":[]},"cards_typography_typography":"custom","cards_typography_font_family":"Poppins","cards_typography_font_size":{"unit":"px","size":16,"sizes":[]},"cards_typography_font_size_tablet":{"unit":"px","size":14,"sizes":[]},"cards_typography_font_weight":"400","cards_typography_text_transform":"capitalize","cards_typography_font_style":"italic","cards_typography_text_decoration":"underline","cards_typography_line_height":{"unit":"em","size":1,"sizes":[]},"cards_typography_letter_spacing":{"unit":"px","size":0,"sizes":[]},"cards_typography_font_size_mobile":{"unit":"px","size":"","sizes":[]},"cards_typography_line_height_tablet":{"unit":"em","size":"","sizes":[]},"cards_typography_line_height_mobile":{"unit":"em","size":"","sizes":[]},"cards_typography_letter_spacing_tablet":{"unit":"px","size":"","sizes":[]},"cards_typography_letter_spacing_mobile":{"unit":"px","size":"","sizes":[]},"cards_typography_word_spacing":{"unit":"em","size":"","sizes":[]},"cards_typography_word_spacing_tablet":{"unit":"em","size":"","sizes":[]},"cards_typography_word_spacing_mobile":{"unit":"em","size":"","sizes":[]},"full_typography_typography":"custom","full_typography_font_family":"Poppins","full_typography_font_weight":"400","full_typography_font_size":{"unit":"px","size":16,"sizes":[]},"full_typography_text_transform":"capitalize","full_typography_font_style":"normal","full_typography_text_decoration":"none","full_typography_line_height":{"unit":"em","size":1,"sizes":[]},"full_typography_font_size_tablet":{"unit":"px","size":14,"sizes":[]},"full_typography_font_size_mobile":{"unit":"px","size":20,"sizes":[]},"full_typography_letter_spacing":{"unit":"px","size":0,"sizes":[]},"full_typography_word_spacing":{"unit":"em","size":0,"sizes":[]},"full_typography_line_height_mobile":{"unit":"em","size":1.1,"sizes":[]},"load_typography_typography":"custom","load_typography_font_family":"Poppins","load_typography_font_weight":"600","load_typography_font_size":{"unit":"px","size":36,"sizes":[]},"load_typography_text_transform":"capitalize","load_typography_font_style":"normal","load_typography_text_decoration":"none","load_typography_line_height":{"unit":"em","size":1.1,"sizes":[]},"load_typography_font_size_mobile":{"unit":"px","size":20,"sizes":[]},"load_typography_letter_spacing":{"unit":"px","size":0,"sizes":[]},"load_typography_word_spacing":{"unit":"em","size":0,"sizes":[]},"load_typography_font_size_tablet":{"unit":"px","size":25,"sizes":[]},"cards_badge_typography_font_size_mobile":{"unit":"px","size":"","sizes":[]},"cards_meta_typography_typography":"custom","cards_meta_typography_font_family":"Poppins","cards_meta_typography_font_size":{"unit":"px","size":36,"sizes":[]},"cards_meta_typography_font_size_tablet":{"unit":"px","size":25,"sizes":[]},"cards_meta_typography_font_size_mobile":{"unit":"px","size":20,"sizes":[]},"cards_meta_typography_font_weight":"600","cards_meta_typography_text_transform":"capitalize","cards_meta_typography_font_style":"normal","cards_meta_typography_text_decoration":"none","cards_meta_typography_line_height":{"unit":"em","size":1.1,"sizes":[]},"cards_meta_typography_letter_spacing":{"unit":"px","size":0,"sizes":[]},"cards_meta_typography_word_spacing":{"unit":"em","size":0,"sizes":[]},"cards_excerpt_typography_typography":"custom","cards_excerpt_typography_font_family":"Poppins","cards_excerpt_typography_font_size":{"unit":"px","size":16,"sizes":[]},"cards_excerpt_typography_font_size_tablet":{"unit":"px","size":14,"sizes":[]},"cards_excerpt_typography_font_weight":"300","cards_excerpt_typography_text_transform":"none","cards_excerpt_typography_font_style":"normal","cards_excerpt_typography_text_decoration":"none","cards_excerpt_typography_line_height":{"unit":"em","size":1.5,"sizes":[]},"cards_excerpt_typography_letter_spacing":{"unit":"px","size":0,"sizes":[]},"cards_excerpt_typography_word_spacing":{"unit":"em","size":0,"sizes":[]}},"elements":[],"isInner":false,"widgetType":"posts","elType":"widget"}],"isInner":false,"elType":"container"},{"id":"60652837","settings":{"margin":{"unit":"%","top":"12","right":"0","bottom":"0","left":"0","isLinked":false},"padding":{"unit":"%","top":"0","right":"8","bottom":"0","left":"8","isLinked":false},"padding_tablet":{"unit":"%","top":"0","right":"5","bottom":"0","left":"5","isLinked":false},"padding_mobile":{"unit":"%","top":"","right":"","bottom":"","left":"","isLinked":true},"margin_tablet":{"unit":"%","top":"","right":"","bottom":"","left":"","isLinked":true},"_title":"Join Newsletter","flex_direction":"row","flex_align_items":"stretch","flex_gap":{"size":10,"unit":"px","column":"10","row":"10","isLinked":true},"min_height":{"unit":"px","size":405,"sizes":[]},"min_height_tablet":{"unit":"px","size":0,"sizes":[]},"flex_justify_content":"flex-end","boxed_width":{"unit":"px","size":1520,"sizes":[]}},"elements":[{"id":"e02f7e4","settings":{"_column_size":100,"width":{"size":null,"unit":"%"},"flex_justify_content":"center","align":"center","background_background":"classic","padding":{"unit":"%","top":"0","right":"0","bottom":"0","left":"0","isLinked":false},"padding_tablet":{"unit":"%","top":"8","right":"8","bottom":"8","left":"8","isLinked":true},"padding_mobile":{"unit":"%","top":"","right":"","bottom":"","left":"","isLinked":true},"__globals__":[],"background_image":{"id":"44","url":"https:\/\/staging.sparky-hq.com\/wp-content\/uploads\/2025\/10\/1920x540.jpg"},"background_position":"bottom right","background_repeat":"no-repeat","background_size":"cover","boxed_width":{"unit":"px","size":700,"sizes":[]},"boxed_width_tablet":{"unit":"%","size":100,"sizes":[]},"boxed_width_mobile":{"unit":"%","size":"","sizes":[]},"flex_direction":"column","flex_gap":{"unit":"px","size":30,"sizes":[],"column":"30","row":"30","isLinked":true},"flex_gap_mobile":{"unit":"px","size":20,"sizes":[],"column":"20","row":"20","isLinked":true},"background_color":"#F3F5F8"},"elements":[{"id":"9c11ce4","settings":{"title":"Join our newsletter\nto stay updated","align":"center","title_color":"#1C244B","typography_typography":"custom","typography_font_family":"Poppins","typography_font_size":{"unit":"px","size":65,"sizes":[]},"typography_font_size_tablet":{"unit":"px","size":45,"sizes":[]},"typography_font_size_mobile":{"unit":"px","size":28,"sizes":[]},"typography_font_weight":"600","typography_text_transform":"none","typography_font_style":"normal","typography_text_decoration":"none","typography_line_height":{"unit":"em","size":1.2,"sizes":[]},"typography_line_height_mobile":{"unit":"em","size":1.1,"sizes":[]},"typography_letter_spacing":{"unit":"px","size":0,"sizes":[]},"typography_word_spacing":{"unit":"em","size":0,"sizes":[]},"__globals__":[]},"elements":[],"isInner":false,"widgetType":"heading","elType":"widget"},{"id":"706c67e5","settings":{"form_name":"Newsletter Form","form_fields":[{"custom_id":"email","field_type":"email","required":"true","field_label":"Your email","placeholder":"Your email","_id":"cd2e872","width":"60","width_tablet":"60","previous_button":"","next_button":"","file_sizes":"","file_types":"","allow_multiple_upload":"","max_files":"","acceptance_text":"","checked_by_default":"","field_min":"","field_max":"","min_date":"","max_date":"","use_native_date":"","use_native_time":""}],"step_next_label":"Next","step_previous_label":"Previous","button_text":"subscribe","email_content":"[all-fields]","email_content_2":"[all-fields]","success_message":"The form was sent successfully.","error_message":"An error occurred.","required_field_message":"This field is required.","invalid_message":"There's something wrong. The form is invalid.","html_spacing":{"unit":"px","size":41,"sizes":[]},"_margin":{"unit":"%","top":"","right":"","bottom":"","left":"","isLinked":true},"_padding":{"unit":"%","top":"0","right":"10","bottom":"0","left":"10","isLinked":false},"__globals__":[],"show_labels":"","column_gap":{"unit":"px","size":21,"sizes":[]},"row_gap":{"unit":"px","size":20,"sizes":[]},"field_text_color":"#C8D5DC","field_background_color":"","field_border_color":"#C8D5DC","field_border_width":{"unit":"px","top":"0","right":"0","bottom":"1","left":"0","isLinked":false},"field_border_radius":{"unit":"px","top":"0","right":"0","bottom":"0","left":"0","isLinked":false},"button_border_border":"solid","button_border_width":{"unit":"px","top":"1","right":"1","bottom":"1","left":"1","isLinked":true},"button_text_color":"#FFFFFF","button_border_color":"#467FF7","button_background_hover_color":"#02010100","button_hover_color":"#467FF7","button_hover_border_color":"#467FF7","button_border_radius":{"unit":"px","top":"50","right":"50","bottom":"50","left":"50","isLinked":true},"button_text_padding":{"unit":"%","top":"2","right":"10","bottom":"2","left":"10","isLinked":false},"success_message_color":"#324A6D","error_message_color":"#324A6D","inline_message_color":"#324A6D","input_size":"md","button_size":"md","button_width":"40","button_width_tablet":"40","_element_custom_width":{"unit":"px","size":641,"sizes":[]},"_element_custom_width_tablet":{"unit":"%","size":"","sizes":[]},"_element_custom_width_mobile":{"unit":"%","size":"","sizes":[]},"_padding_mobile":{"unit":"px","top":"0","right":"0","bottom":"0","left":"0","isLinked":false},"label_color":"#324A6D","label_typography_typography":"custom","label_typography_font_family":"Poppins","label_typography_font_size":{"unit":"px","size":16,"sizes":[]},"label_typography_font_size_tablet":{"unit":"px","size":14,"sizes":[]},"label_typography_font_weight":"300","label_typography_text_transform":"none","label_typography_font_style":"normal","label_typography_text_decoration":"none","label_typography_line_height":{"unit":"em","size":1.5,"sizes":[]},"label_typography_letter_spacing":{"unit":"px","size":0,"sizes":[]},"label_typography_word_spacing":{"unit":"em","size":0,"sizes":[]},"html_color":"#324A6D","html_typography_typography":"custom","html_typography_font_family":"Poppins","html_typography_font_size":{"unit":"px","size":16,"sizes":[]},"html_typography_font_size_tablet":{"unit":"px","size":14,"sizes":[]},"html_typography_font_weight":"300","html_typography_text_transform":"none","html_typography_font_style":"normal","html_typography_text_decoration":"none","html_typography_line_height":{"unit":"em","size":1.5,"sizes":[]},"html_typography_letter_spacing":{"unit":"px","size":0,"sizes":[]},"html_typography_word_spacing":{"unit":"em","size":0,"sizes":[]},"field_typography_typography":"custom","field_typography_font_family":"Poppins","field_typography_font_size":{"unit":"px","size":16,"sizes":[]},"field_typography_font_size_tablet":{"unit":"px","size":14,"sizes":[]},"field_typography_font_weight":"300","field_typography_text_transform":"none","field_typography_font_style":"normal","field_typography_text_decoration":"none","field_typography_line_height":{"unit":"em","size":1.5,"sizes":[]},"field_typography_letter_spacing":{"unit":"px","size":0,"sizes":[]},"field_typography_word_spacing":{"unit":"em","size":0,"sizes":[]},"button_typography_typography":"custom","button_typography_font_family":"Poppins","button_typography_font_size":{"unit":"px","size":16,"sizes":[]},"button_typography_font_size_tablet":{"unit":"px","size":14,"sizes":[]},"button_typography_font_weight":"400","button_typography_text_transform":"capitalize","button_typography_font_style":"normal","button_typography_text_decoration":"none","button_typography_line_height":{"unit":"em","size":1,"sizes":[]},"button_typography_letter_spacing":{"unit":"px","size":0,"sizes":[]},"button_typography_word_spacing":{"unit":"em","size":0,"sizes":[]},"button_background_color":"#467FF7","previous_button_background_color":"#467FF7","message_typography_typography":"custom","message_typography_font_family":"Poppins","message_typography_font_size":{"unit":"px","size":16,"sizes":[]},"message_typography_font_size_tablet":{"unit":"px","size":14,"sizes":[]},"message_typography_font_weight":"300","message_typography_text_transform":"none","message_typography_font_style":"normal","message_typography_text_decoration":"none","message_typography_line_height":{"unit":"em","size":1.5,"sizes":[]},"message_typography_letter_spacing":{"unit":"px","size":0,"sizes":[]},"message_typography_word_spacing":{"unit":"em","size":0,"sizes":[]},"steps_typography_typography":"custom","steps_typography_font_family":"Poppins","steps_typography_font_size":{"unit":"px","size":16,"sizes":[]},"steps_typography_font_size_tablet":{"unit":"px","size":14,"sizes":[]},"steps_typography_font_weight":"400","steps_typography_text_transform":"capitalize","steps_typography_font_style":"normal","steps_typography_text_decoration":"none","steps_typography_line_height":{"unit":"em","size":1,"sizes":[]},"steps_typography_letter_spacing":{"unit":"px","size":0,"sizes":[]},"steps_typography_word_spacing":{"unit":"em","size":0,"sizes":[]},"step_inactive_primary_color":"#324A6D","step_active_primary_color":"#467FF7","step_completed_primary_color":"#467FF7","step_progress_bar_color":"#467FF7","step_progress_bar_background_color":"#324A6D","step_progress_bar_percentage_color":"#324A6D","step_typography_typography":"custom","step_typography_font_family":"Poppins","step_typography_font_weight":"400","step_typography_font_size":{"unit":"px","size":16,"sizes":[]},"step_typography_text_transform":"capitalize","step_typography_font_style":"normal","step_typography_text_decoration":"none","step_typography_line_height":{"unit":"em","size":1,"sizes":[]},"step_typography_font_size_tablet":{"unit":"px","size":14,"sizes":[]},"step_typography_letter_spacing":{"unit":"px","size":0,"sizes":[]},"step_typography_word_spacing":{"unit":"em","size":0,"sizes":[]},"server_message":"Your submission failed because of a server error."},"elements":[],"isInner":false,"widgetType":"form","elType":"widget"}],"isInner":true,"elType":"container"}],"isInner":false,"elType":"container"},{"id":"148fe144","settings":{"padding_tablet":{"unit":"%","top":"0","right":"5","bottom":"0","left":"5","isLinked":false},"padding_mobile":{"unit":"%","top":"","right":"","bottom":"","left":"","isLinked":true},"layout":"full_width","padding":{"unit":"%","top":"0","right":"8","bottom":"0","left":"8","isLinked":false},"_title":"Posts (part 2)","flex_direction":"column","flex_align_items":"stretch","flex_gap":{"size":30,"unit":"px","column":"30","row":"30","isLinked":true},"margin":{"unit":"%","top":"12","right":"0","bottom":"0","left":"0","isLinked":false},"margin_mobile":{"unit":"%","top":"","right":"","bottom":"","left":"","isLinked":true},"boxed_width":{"unit":"px","size":1520,"sizes":[]}},"elements":[{"id":"4ff3bb15","settings":{"archive_classic_meta_separator":"\/\/\/","archive_classic_read_more_text":"Read More","archive_cards_meta_separator":"\u2022","archive_cards_read_more_text":"Read More \u00bb","archive_full_content_meta_separator":"\/\/\/","pagination_page_limit":"5","pagination_prev_label":"&laquo; Previous","pagination_next_label":"Next &raquo;","nothing_found_message":"It seems we can't find what you're looking for.","archive_classic_thumbnail_size_size":"full","archive_classic_item_ratio":{"unit":"px","size":0.8,"sizes":[]},"archive_classic_title_tag":"h4","archive_classic_excerpt_length":20,"archive_classic_meta_data":[],"archive_classic_column_gap":{"unit":"px","size":60,"sizes":[]},"archive_classic_item_ratio_mobile":{"unit":"px","size":"","sizes":[]},"archive_classic_row_gap":{"unit":"px","size":80,"sizes":[]},"archive_classic_title_spacing":{"unit":"px","size":10,"sizes":[]},"archive_classic_excerpt_spacing":{"unit":"px","size":25,"sizes":[]},"archive_classic_read_more_spacing":{"unit":"px","size":0,"sizes":[]},"__globals__":[],"text":"Load More","load_more_no_posts_custom_message":"No more posts to show","pagination_type":"load_more_on_click","border_border":"solid","border_width":{"unit":"px","top":"1","right":"1","bottom":"1","left":"1","isLinked":true},"border_radius":{"unit":"px","top":"50","right":"50","bottom":"50","left":"50","isLinked":true},"load_more_spacing":{"unit":"px","size":50,"sizes":[]},"archive_classic_title_color":"#1C244B","archive_classic_excerpt_color":"#324A6D","archive_classic_read_more_color":"#467FF7","archive_cards_badge_bg_color":"#467FF7","archive_cards_title_color":"#F3F5F8","archive_cards_read_more_color":"#467FF7","archive_full_content_title_color":"#F3F5F8","archive_full_content_read_more_color":"#467FF7","pagination_typography_typography":"custom","pagination_typography_font_family":"Poppins","pagination_typography_font_size":{"unit":"px","size":36,"sizes":[]},"pagination_typography_font_size_tablet":{"unit":"px","size":25,"sizes":[]},"pagination_typography_font_size_mobile":{"unit":"px","size":20,"sizes":[]},"pagination_typography_font_weight":"600","pagination_typography_text_transform":"capitalize","pagination_typography_font_style":"normal","pagination_typography_text_decoration":"none","pagination_typography_line_height":{"unit":"em","size":1.1,"sizes":[]},"pagination_typography_letter_spacing":{"unit":"px","size":0,"sizes":[]},"pagination_typography_word_spacing":{"unit":"em","size":0,"sizes":[]},"typography_typography":"custom","typography_font_family":"Poppins","typography_font_size":{"unit":"px","size":16,"sizes":[]},"typography_font_size_tablet":{"unit":"px","size":14,"sizes":[]},"typography_font_weight":"400","typography_text_transform":"capitalize","typography_font_style":"normal","typography_text_decoration":"none","typography_line_height":{"unit":"em","size":1,"sizes":[]},"typography_letter_spacing":{"unit":"px","size":0,"sizes":[]},"typography_word_spacing":{"unit":"em","size":0,"sizes":[]},"button_text_color":"#FFFFFF","background_color":"#467FF7","hover_color":"#467FF7","button_background_hover_color":"#02010100","button_hover_border_color":"#467FF7","border_color":"#467FF7","nothing_found_color":"#324A6D","archive_typography_typography":"custom","archive_typography_font_family":"Poppins","archive_typography_font_size":{"unit":"px","size":16,"sizes":[]},"archive_typography_font_weight":"400","archive_typography_text_transform":"capitalize","archive_typography_font_style":"normal","archive_typography_text_decoration":"none","archive_typography_line_height":{"unit":"em","size":1,"sizes":[]},"archive_typography_letter_spacing":{"unit":"px","size":0,"sizes":[]},"archive_typography_font_size_mobile":{"unit":"px","size":20,"sizes":[]},"archive_typography_font_size_tablet":{"unit":"px","size":14,"sizes":[]},"archive_typography_line_height_tablet":{"unit":"em","size":"","sizes":[]},"archive_typography_line_height_mobile":{"unit":"em","size":1.1,"sizes":[]},"archive_typography_letter_spacing_tablet":{"unit":"px","size":"","sizes":[]},"archive_typography_letter_spacing_mobile":{"unit":"px","size":"","sizes":[]},"archive_typography_word_spacing":{"unit":"em","size":0,"sizes":[]},"archive_typography_word_spacing_tablet":{"unit":"em","size":"","sizes":[]},"archive_typography_word_spacing_mobile":{"unit":"em","size":"","sizes":[]},"load_typography_typography":"custom","load_typography_font_family":"Poppins","load_typography_font_weight":"600","load_typography_font_size":{"unit":"px","size":36,"sizes":[]},"load_typography_text_transform":"capitalize","load_typography_font_style":"normal","load_typography_text_decoration":"none","load_typography_line_height":{"unit":"em","size":1.1,"sizes":[]},"load_typography_font_size_mobile":{"unit":"px","size":20,"sizes":[]},"load_typography_letter_spacing":{"unit":"px","size":0,"sizes":[]},"load_typography_word_spacing":{"unit":"em","size":0,"sizes":[]},"load_typography_font_size_tablet":{"unit":"px","size":25,"sizes":[]},"nothing_typography_typography":"custom","nothing_typography_font_family":"Poppins","nothing_typography_font_weight":"300","nothing_typography_font_size":{"unit":"px","size":16,"sizes":[]},"nothing_typography_text_transform":"none","nothing_typography_font_style":"normal","nothing_typography_text_decoration":"none","nothing_typography_line_height":{"unit":"em","size":1.5,"sizes":[]},"nothing_typography_letter_spacing":{"unit":"px","size":0,"sizes":[]},"nothing_typography_font_size_tablet":{"unit":"px","size":14,"sizes":[]},"nothing_typography_word_spacing":{"unit":"em","size":0,"sizes":[]},"archive_classic_title_typography_typography":"custom","archive_classic_title_typography_font_family":"Poppins","archive_classic_title_typography_font_size":{"unit":"px","size":22,"sizes":[]},"archive_classic_title_typography_font_size_mobile":{"unit":"px","size":18,"sizes":[]},"archive_classic_title_typography_font_weight":"600","archive_classic_title_typography_text_transform":"none","archive_classic_title_typography_font_style":"normal","archive_classic_title_typography_text_decoration":"none","archive_classic_title_typography_line_height":{"unit":"em","size":1.2,"sizes":[]},"archive_classic_title_typography_line_height_mobile":{"unit":"em","size":1.1,"sizes":[]},"archive_classic_title_typography_letter_spacing":{"unit":"px","size":0,"sizes":[]},"archive_classic_title_typography_word_spacing":{"unit":"em","size":0,"sizes":[]},"archive_classic_meta_typography_typography":"custom","archive_classic_meta_typography_font_family":"Poppins","archive_classic_meta_typography_font_size":{"unit":"px","size":36,"sizes":[]},"archive_classic_meta_typography_font_size_tablet":{"unit":"px","size":25,"sizes":[]},"archive_classic_meta_typography_font_size_mobile":{"unit":"px","size":20,"sizes":[]},"archive_classic_meta_typography_font_weight":"600","archive_classic_meta_typography_text_transform":"capitalize","archive_classic_meta_typography_font_style":"normal","archive_classic_meta_typography_text_decoration":"none","archive_classic_meta_typography_line_height":{"unit":"em","size":1.1,"sizes":[]},"archive_classic_meta_typography_letter_spacing":{"unit":"px","size":0,"sizes":[]},"archive_classic_meta_typography_word_spacing":{"unit":"em","size":0,"sizes":[]},"archive_classic_excerpt_typography_typography":"custom","archive_classic_excerpt_typography_font_family":"Poppins","archive_classic_excerpt_typography_font_size":{"unit":"px","size":16,"sizes":[]},"archive_classic_excerpt_typography_font_size_tablet":{"unit":"px","size":14,"sizes":[]},"archive_classic_excerpt_typography_font_weight":"300","archive_classic_excerpt_typography_text_transform":"none","archive_classic_excerpt_typography_font_style":"normal","archive_classic_excerpt_typography_text_decoration":"none","archive_classic_excerpt_typography_line_height":{"unit":"em","size":1.5,"sizes":[]},"archive_classic_excerpt_typography_letter_spacing":{"unit":"px","size":0,"sizes":[]},"archive_classic_excerpt_typography_word_spacing":{"unit":"em","size":0,"sizes":[]},"archive_classic_read_more_typography_typography":"custom","archive_classic_read_more_typography_font_family":"Poppins","archive_classic_read_more_typography_font_size":{"unit":"px","size":16,"sizes":[]},"archive_classic_read_more_typography_font_size_tablet":{"unit":"px","size":14,"sizes":[]},"archive_classic_read_more_typography_font_weight":"400","archive_classic_read_more_typography_text_transform":"capitalize","archive_classic_read_more_typography_font_style":"normal","archive_classic_read_more_typography_text_decoration":"none","archive_classic_read_more_typography_line_height":{"unit":"em","size":1,"sizes":[]},"archive_classic_read_more_typography_letter_spacing":{"unit":"px","size":0,"sizes":[]},"archive_classic_read_more_typography_word_spacing":{"unit":"em","size":0,"sizes":[]},"load_more_no_posts_message_typography":"custom","load_more_no_posts_message_font_family":"Poppins","load_more_no_posts_message_font_size":{"unit":"px","size":36,"sizes":[]},"load_more_no_posts_message_font_size_tablet":{"unit":"px","size":25,"sizes":[]},"load_more_no_posts_message_font_size_mobile":{"unit":"px","size":20,"sizes":[]},"load_more_no_posts_message_font_weight":"600","load_more_no_posts_message_text_transform":"capitalize","load_more_no_posts_message_font_style":"normal","load_more_no_posts_message_text_decoration":"none","load_more_no_posts_message_line_height":{"unit":"em","size":1.1,"sizes":[]},"load_more_no_posts_message_letter_spacing":{"unit":"px","size":0,"sizes":[]},"load_more_no_posts_message_word_spacing":{"unit":"em","size":0,"sizes":[]}},"elements":[],"isInner":false,"widgetType":"archive-posts","elType":"widget"}],"isInner":false,"elType":"container"},{"id":"ccdf235","settings":{"margin":{"unit":"%","top":"12","right":"0","bottom":"0","left":"0","isLinked":false},"margin_mobile":{"unit":"%","top":"35","right":"0","bottom":"0","left":"0","isLinked":false},"padding_tablet":{"unit":"%","top":"0","right":"5","bottom":"0","left":"5","isLinked":false},"padding_mobile":{"unit":"%","top":"","right":"","bottom":"","left":"","isLinked":true},"html_tag":"footer","_title":"Social Media","flex_direction":"column","flex_align_items":"center","flex_gap":{"size":10,"unit":"px","column":"10","row":"10","isLinked":true},"padding":{"unit":"%","top":"0","right":"8","bottom":"0","left":"8","isLinked":false},"margin_tablet":{"unit":"%","top":"","right":"","bottom":"","left":"","isLinked":true},"boxed_width":{"unit":"px","size":1520,"sizes":[]}},"elements":[{"id":"2486a18f","settings":{"title":"Social Media Posts","align":"center","title_color":"#1C244B","typography_typography":"custom","typography_font_family":"Poppins","typography_font_size":{"unit":"px","size":65,"sizes":[]},"typography_font_size_tablet":{"unit":"px","size":45,"sizes":[]},"typography_font_size_mobile":{"unit":"px","size":28,"sizes":[]},"typography_font_weight":"600","typography_text_transform":"none","typography_font_style":"normal","typography_text_decoration":"none","typography_line_height":{"unit":"em","size":1.2,"sizes":[]},"typography_line_height_mobile":{"unit":"em","size":1.1,"sizes":[]},"typography_letter_spacing":{"unit":"px","size":0,"sizes":[]},"typography_word_spacing":{"unit":"em","size":0,"sizes":[]}},"elements":[],"isInner":false,"widgetType":"heading","elType":"widget"},{"id":"74d694d3","settings":{"editor":"<p>This is a gallery to showcase images from your recent social posts<\/p>","align":"center","_element_width":"initial","_element_custom_width":{"unit":"px","size":780,"sizes":[]},"__globals__":{"typography_typography":""},"_element_width_tablet":"inherit","text_color":"#324A6D","typography_typography":"custom","typography_font_family":"Poppins","typography_font_size":{"unit":"px","size":22,"sizes":[]},"typography_font_size_tablet":{"unit":"px","size":14,"sizes":[]},"typography_font_weight":"300","typography_text_transform":"none","typography_font_style":"normal","typography_text_decoration":"none","typography_line_height":{"unit":"em","size":1.5,"sizes":[]},"typography_letter_spacing":{"unit":"px","size":0,"sizes":[]}},"elements":[],"isInner":false,"widgetType":"text-editor","elType":"widget"},{"id":"49f57917","settings":{"slides":[{"image":{"id":"45","url":"https:\/\/staging.sparky-hq.com\/wp-content\/uploads\/2025\/10\/Article-img_3-13122021.jpg"},"_id":"77907b0"},{"image":{"id":"45","url":"https:\/\/staging.sparky-hq.com\/wp-content\/uploads\/2025\/10\/Article-img_3-13122021.jpg"},"_id":"c2db435"},{"image":{"id":"45","url":"https:\/\/staging.sparky-hq.com\/wp-content\/uploads\/2025\/10\/Article-img_3-13122021.jpg"},"_id":"899653b"},{"image":{"id":"45","url":"https:\/\/staging.sparky-hq.com\/wp-content\/uploads\/2025\/10\/Article-img_3-13122021.jpg"},"_id":"e159685"},{"image":{"id":"45","url":"https:\/\/staging.sparky-hq.com\/wp-content\/uploads\/2025\/10\/Article-img_3-13122021.jpg"},"_id":"b4f8444"},{"image":{"id":"45","url":"https:\/\/staging.sparky-hq.com\/wp-content\/uploads\/2025\/10\/Article-img_3-13122021.jpg"},"_id":"7fff303"},{"image":{"id":"45","url":"https:\/\/staging.sparky-hq.com\/wp-content\/uploads\/2025\/10\/Article-img_3-13122021.jpg"},"_id":"eef1c0c"}],"slides_per_view":"5","slides_to_scroll":"1","height":{"unit":"px","size":297,"sizes":[]},"show_arrows":"","pagination":"","space_between":{"unit":"px","size":18,"sizes":[]},"slides_per_view_tablet":"4","slides_per_view_mobile":"2","height_tablet":{"unit":"px","size":156,"sizes":[]},"height_mobile":{"unit":"px","size":128,"sizes":[]},"_element_width":"inherit","_margin":{"unit":"px","top":"30","right":"0","bottom":"0","left":"0","isLinked":false},"slides_name":"Slides"},"elements":[],"isInner":false,"widgetType":"media-carousel","elType":"widget"}],"isInner":false,"elType":"container"},{"id":"1241191d","settings":{"flex_gap":{"size":30,"unit":"px","column":"30","row":"30","isLinked":true},"structure":"20","padding":{"unit":"%","top":"0","right":"8","bottom":"0","left":"8","isLinked":false},"padding_tablet":{"unit":"%","top":"8","right":"5","bottom":"8","left":"5","isLinked":""},"reverse_order_tablet":"reverse-tablet","reverse_order_mobile":"reverse-mobile","padding_mobile":{"unit":"%","top":"20","right":"5","bottom":"20","left":"5","isLinked":""},"_title":"Footer","background_background":"classic","margin":{"unit":"%","top":"12","right":0,"bottom":"0","left":0,"isLinked":false},"margin_tablet":{"unit":"%","top":"15","right":"0","bottom":"0","left":"0","isLinked":false},"margin_mobile":{"unit":"%","top":"","right":"","bottom":"","left":"","isLinked":true},"__globals__":{"background_color":""},"html_tag":"footer","flex_direction":"column","flex_align_items":"center","boxed_width":{"unit":"px","size":880,"sizes":[]},"min_height":{"unit":"px","size":455,"sizes":[]},"min_height_tablet":{"unit":"px","size":0,"sizes":[]},"flex_justify_content":"center","background_color":"#F3F5F8"},"elements":[{"id":"378e07de","settings":{"title":"Join Our Newsletter","title_color":"#1C244B","typography_typography":"custom","typography_font_family":"Poppins","typography_font_size":{"unit":"px","size":65,"sizes":[]},"typography_font_size_tablet":{"unit":"px","size":45,"sizes":[]},"typography_font_size_mobile":{"unit":"px","size":28,"sizes":[]},"typography_font_weight":"600","typography_text_transform":"none","typography_font_style":"normal","typography_text_decoration":"none","typography_line_height":{"unit":"em","size":1.2,"sizes":[]},"typography_line_height_mobile":{"unit":"em","size":1.1,"sizes":[]},"typography_letter_spacing":{"unit":"px","size":0,"sizes":[]},"typography_word_spacing":{"unit":"em","size":0,"sizes":[]}},"elements":[],"isInner":false,"widgetType":"heading","elType":"widget"},{"id":"52fe38a5","settings":{"form_name":"Newsletter Form","form_fields":[{"_id":"7a6d165","field_label":"Full Name","placeholder":"Full Name","width":"33","custom_id":"field_7a6d165","previous_button":"","next_button":"","file_sizes":"","file_types":"","allow_multiple_upload":"","max_files":"","acceptance_text":"","checked_by_default":"","field_min":"","field_max":"","min_date":"","max_date":"","use_native_date":"","use_native_time":""},{"custom_id":"email","field_type":"email","required":"true","field_label":"Email","placeholder":"Email","_id":"cd2e872","width":"33","previous_button":"","next_button":"","file_sizes":"","file_types":"","allow_multiple_upload":"","max_files":"","acceptance_text":"","checked_by_default":"","field_min":"","field_max":"","min_date":"","max_date":"","use_native_date":"","use_native_time":""}],"step_next_label":"Next","step_previous_label":"Previous","button_text":"Submit","email_content":"[all-fields]","email_content_2":"[all-fields]","success_message":"The form was sent successfully.","error_message":"An error occurred.","required_field_message":"This field is required.","invalid_message":"There's something wrong. The form is invalid.","html_spacing":{"unit":"px","size":41,"sizes":[]},"_margin":{"unit":"%","top":"","right":"","bottom":"","left":"","isLinked":true},"_padding":{"unit":"%","top":"","right":"","bottom":"","left":"","isLinked":true},"__globals__":{"_background_color":"","success_message_color":"","error_message_color":"","inline_message_color":"","field_text_color":"","field_border_color":"","button_text_color":"","button_border_color":"","button_background_hover_color":"","button_hover_border_color":"","button_hover_color":"","field_typography_typography":""},"show_labels":"","column_gap":{"unit":"px","size":20,"sizes":[]},"row_gap":{"unit":"px","size":20,"sizes":[]},"field_text_color":"#324A6D","field_background_color":"","field_border_color":"#C8D5DC","field_border_width":{"unit":"px","top":"1","right":"1","bottom":"1","left":"1","isLinked":true},"field_border_radius":{"unit":"px","top":"0","right":"0","bottom":"0","left":"0","isLinked":false},"button_border_border":"solid","button_border_width":{"unit":"px","top":"1","right":"1","bottom":"1","left":"1","isLinked":true},"button_text_color":"#FFFFFF","button_border_color":"#467FF7","button_background_hover_color":"#02010100","button_hover_color":"#467FF7","button_hover_border_color":"#467FF7","button_border_radius":{"unit":"px","top":"50","right":"50","bottom":"50","left":"50","isLinked":true},"button_text_padding":{"unit":"%","top":"2","right":"10","bottom":"2","left":"10","isLinked":false},"success_message_color":"#324A6D","error_message_color":"#324A6D","inline_message_color":"#324A6D","input_size":"md","button_size":"md","button_width":"33","_element_width":"inherit","_element_custom_width":{"unit":"px","size":"","sizes":[]},"_element_custom_width_tablet":{"unit":"%","size":"","sizes":[]},"_element_custom_width_mobile":{"unit":"%","size":"","sizes":[]},"field_typography_typography":"custom","field_typography_font_family":"Poppins","field_typography_font_size":{"unit":"px","size":16,"sizes":[]},"field_typography_font_size_tablet":{"unit":"px","size":14,"sizes":[]},"field_typography_font_weight":"300","field_typography_text_transform":"none","field_typography_font_style":"normal","field_typography_text_decoration":"none","field_typography_line_height":{"unit":"em","size":1.5,"sizes":[]},"field_typography_letter_spacing":{"unit":"px","size":0,"sizes":[]},"field_typography_word_spacing":{"unit":"em","size":0,"sizes":[]},"button_typography_typography":"custom","button_typography_font_family":"Poppins","button_typography_font_size":{"unit":"px","size":16,"sizes":[]},"button_typography_font_size_tablet":{"unit":"px","size":14,"sizes":[]},"button_typography_font_weight":"400","button_typography_text_transform":"capitalize","button_typography_font_style":"normal","button_typography_text_decoration":"none","button_typography_line_height":{"unit":"em","size":1,"sizes":[]},"button_typography_letter_spacing":{"unit":"px","size":0,"sizes":[]},"button_typography_word_spacing":{"unit":"em","size":0,"sizes":[]},"button_background_color":"#467FF7","message_typography_typography":"custom","message_typography_font_family":"Poppins","message_typography_font_size":{"unit":"px","size":16,"sizes":[]},"message_typography_font_size_tablet":{"unit":"px","size":14,"sizes":[]},"message_typography_font_weight":"300","message_typography_text_transform":"none","message_typography_font_style":"normal","message_typography_text_decoration":"none","message_typography_line_height":{"unit":"em","size":1.5,"sizes":[]},"message_typography_letter_spacing":{"unit":"px","size":0,"sizes":[]},"message_typography_word_spacing":{"unit":"em","size":0,"sizes":[]},"server_message":"Your submission failed because of a server error."},"elements":[],"isInner":false,"widgetType":"form","elType":"widget"}],"isInner":false,"elType":"container"}],"settings":{"content_wrapper_html_tag":"footer","background_background":"classic","background_color":"#FFFFFF"},"metadata":[]}
