﻿{"content":[],"settings":{"template":"default","system_colors":[{"_id":"primary","title":"Primary","color":"#0B3D91"},{"_id":"secondary","title":"Secondary","color":"#062A6B"},{"_id":"text","title":"Text","color":"#0F172A"},{"_id":"accent","title":"Accent","color":"#E1A100"}],"custom_colors":[{"_id":"10980f3","title":"Neutral Dark Text","color":"#1E1E1E"},{"_id":"653d01e","title":"Surface Light BG","color":"#FFFFFF"},{"_id":"14cf84c","title":"Surface Alt BG","color":"#F7F9FB"},{"_id":"6a63683","title":"Border \/ Divider","color":"#E5E7EB"},{"_id":"9c6cf5c","title":"Link Default","color":"#0B3D91"},{"_id":"45b23f6","title":"Link Hover","color":"#082C6F"},{"_id":"7d9b094","title":"Success","color":"#118C4F"},{"_id":"6e7834a","title":"Error","color":"#D93025"}],"typography_enable_styleguide_preview":"yes","system_typography":[{"_id":"primary","title":"Primary","typography_typography":"custom","typography_font_family":"Merriweather","typography_font_weight":"700","typography_font_size":{"unit":"px","size":44,"sizes":[]}},{"_id":"secondary","title":"Secondary","typography_typography":"custom","typography_font_family":"Merriweather","typography_font_weight":"600","typography_font_size":{"unit":"px","size":36,"sizes":[]}},{"_id":"text","title":"Text","typography_typography":"custom","typography_font_family":"Inter","typography_font_weight":"400","typography_font_size":{"unit":"px","size":16,"sizes":[]}},{"_id":"accent","title":"Accent","typography_typography":"custom","typography_font_family":"Inter","typography_font_weight":"500","typography_font_size":{"unit":"px","size":15,"sizes":[]}}],"custom_typography":[],"default_generic_fonts":"Sans-serif","page_title_selector":"h1.entry-title","hello_footer_copyright_text":"All rights reserved","activeItemIndex":1,"viewport_md":768,"viewport_lg":1025,"colors_enable_styleguide_preview":"yes"},"metadata":[],"theme":{"name":"Hello Child","theme_uri":"https:\/\/sparkyhq.com\/","version":"1.0.0","slug":"hello-child"},"experiments":{"e_font_icon_svg":{"name":"e_font_icon_svg","title":"Inline Font Icons","state":"default","default":"active","release_status":"stable"},"additional_custom_breakpoints":{"name":"additional_custom_breakpoints","title":"Additional Custom Breakpoints","state":"default","default":"active","release_status":"stable"},"container":{"name":"container","title":"Container","state":"default","default":"active","release_status":"stable"},"e_optimized_markup":{"name":"e_optimized_markup","title":"Optimized Markup","state":"default","default":"active","release_status":"stable"},"theme_builder_v2":{"name":"theme_builder_v2","title":"Default to New Theme Builder","state":"default","default":"active","release_status":"stable"},"hello-theme-header-footer":{"name":"hello-theme-header-footer","title":"Header &amp; Footer","state":"default","default":"active","release_status":"stable"},"e_pro_free_trial_popup":{"name":"e_pro_free_trial_popup","title":"Pro Free Trial Popup","state":"default","default":"active","release_status":"alpha"},"nested-elements":{"name":"nested-elements","title":"Nested Elements","state":"default","default":"active","release_status":"stable"},"pages_panel":{"name":"pages_panel","title":"Pages Panel","state":"default","default":"inactive","release_status":"alpha"},"home_screen":{"name":"home_screen","title":"Elementor Home Screen","state":"default","default":"active","release_status":"stable"},"e_atomic_elements":{"name":"e_atomic_elements","title":"Atomic Widgets","state":"default","default":"inactive","release_status":"alpha"},"e_classes":{"name":"e_classes","title":"Global Classes","state":"default","default":"inactive","release_status":"alpha"},"global_classes_should_enforce_capabilities":{"name":"global_classes_should_enforce_capabilities","title":"Enforce global classes capabilities","state":"default","default":"active","release_status":"dev"},"e_variables":{"name":"e_variables","title":"Variables","state":"default","default":"active","release_status":"alpha"},"cloud-library":{"name":"cloud-library","title":"Cloud Library","state":"active","default":"active","release_status":"stable"},"e_opt_in_v4_page":{"name":"e_opt_in_v4_page","title":"Editor v4 (Opt In Page)","state":"default","default":"active","release_status":"alpha"},"e_opt_in_v4":{"name":"e_opt_in_v4","title":"Editor V4","state":"default","default":"inactive","release_status":"alpha"},"e_components":{"name":"e_components","title":"Components","state":"default","default":"inactive","release_status":"dev"},"import-export-customization":{"name":"import-export-customization","title":"Import\/Export Customization","state":"default","default":"active","release_status":"beta"},"mega-menu":{"name":"mega-menu","title":"Menu","state":"default","default":"active","release_status":"beta"},"e_pro_variables":{"name":"e_pro_variables","title":"Size Variables","state":"default","default":"active","release_status":"alpha"},"editor_events":{"name":"editor_events","title":"Elementor Editor Events","state":"default","default":"active","release_status":"alpha"}}}
