﻿{"content":[{"id":"7481c1e5","settings":{"layout":"full_width","flex_gap":{"size":0,"unit":"px","column":"0","row":"0","isLinked":true},"min_height":{"unit":"px","size":"65","sizes":[]},"min_height_tablet":{"unit":"px","size":"64","sizes":[]},"min_height_mobile":{"unit":"vh","size":"","sizes":[]},"structure":"20","padding":{"unit":"%","top":"0","right":"3","bottom":"0","left":"3","isLinked":""},"padding_tablet":{"unit":"%","top":"0","right":"5","bottom":"0","left":"5","isLinked":""},"padding_mobile":{"unit":"%","top":"","right":"","bottom":"","left":"","isLinked":"1"},"_title":"Header","content_position":"middle","flex_direction":"row","flex_align_items":"center","boxed_width":{"unit":"px","size":1790,"sizes":[]},"flex_justify_content":"space-between"},"elements":[{"id":"3ba36e06","settings":{"image":{"id":"","url":"https:\/\/staging.hezlepinc.com\/wp-content\/plugins\/elementor\/assets\/images\/placeholder.png"},"image_size":"full","align":"left"},"elements":[],"isInner":false,"widgetType":"image","elType":"widget"},{"id":"6cf8040f","settings":{"icon_list":[{"text":"123-456-7890","selected_icon":{"value":"","library":""},"_id":"2947707","__dynamic__":{"link":"[elementor-tag id=\"69b1d25\" name=\"contact-url\" settings=\"%7B%22link_type%22%3A%22tel%22%2C%22tel_number%22%3A%22123-456-7890%22%7D\"]"}}],"icon_align":"right","icon_color":"#1C244B","icon_color_hover":"#467FF7","icon_size":{"unit":"px","size":"20","sizes":[]},"icon_size_tablet":{"unit":"px","size":"18","sizes":[]},"text_color":"#1C244B","text_color_hover":"#467FF7","text_indent":{"unit":"px","size":"14","sizes":[]},"icon_typography_typography":"custom","icon_typography_font_family":"Poppins","icon_typography_font_size":{"unit":"px","size":"16","sizes":[]},"icon_typography_font_weight":"400","icon_typography_text_transform":"none","icon_typography_font_style":"normal","icon_typography_text_decoration":"none","icon_typography_line_height":{"unit":"em","size":"1.5","sizes":[]},"icon_typography_letter_spacing":{"unit":"px","size":"0","sizes":[]},"icon_typography_word_spacing":{"unit":"em","size":"0","sizes":[]}},"elements":[],"isInner":false,"widgetType":"icon-list","elType":"widget"}],"isInner":false,"elType":"container"},{"id":"7ee4022b","settings":{"flex_gap":{"size":5,"unit":"%","column":"5","row":"5","isLinked":true},"min_height":{"unit":"vh","size":"90","sizes":[]},"background_background":"classic","flex_align_items":"center","content_position":"middle","padding":{"unit":"%","top":"0","right":"3","bottom":"0","left":"3","isLinked":""},"padding_tablet":{"unit":"%","top":"0","right":"5","bottom":"0","left":"5","isLinked":""},"_title":"Hero","__globals__":{"background_color":""},"background_position":"center right","background_repeat":"no-repeat","background_size":"cover","min_height_mobile":{"unit":"vh","size":"","sizes":[]},"background_position_mobile":"center center","layout":"full_width","min_height_tablet":{"unit":"px","size":0,"sizes":[]},"structure":"20","padding_mobile":{"unit":"%","top":"","right":"","bottom":"","left":"","isLinked":"1"},"margin_tablet":{"unit":"%","top":"5","right":"0","bottom":"0","left":"0","isLinked":""},"margin_mobile":{"unit":"%","top":"8","right":"0","bottom":"0","left":"0","isLinked":""},"flex_direction":"row","flex_direction_tablet":"column","boxed_width":{"unit":"px","size":1790,"sizes":[]},"flex_gap_tablet":{"unit":"px","size":70,"sizes":[],"column":"70","row":"70","isLinked":true},"flex_gap_mobile":{"unit":"px","size":50,"sizes":[],"column":"50","row":"50","isLinked":true}},"elements":[{"id":"6f06a362","settings":{"_column_size":"50","align":"center","width":{"size":45,"unit":"%"},"width_tablet":{"size":"100","unit":"%"},"flex_gap":{"size":"15","unit":"px","column":"15","row":"15","isLinked":true},"padding":{"unit":"%","top":"0","right":"0","bottom":"0","left":"0","isLinked":false},"padding_tablet":{"unit":"%","top":"0","right":"35","bottom":"0","left":"0","isLinked":""},"padding_mobile":{"unit":"%","top":"0","right":"0","bottom":"0","left":"0","isLinked":""},"content_width":"full","flex_direction":"column"},"elements":[{"id":"6f89354f","settings":{"title":"This Headline Grabs Visitors\u2019 Attention","header_size":"h1","align":"left","__globals__":{"typography_typography":""},"_padding":{"unit":"%","top":"","right":"","bottom":"","left":"","isLinked":"1"},"_padding_tablet":{"unit":"%","top":"","right":"","bottom":"","left":"","isLinked":"1"},"_padding_mobile":{"unit":"%","top":"","right":"","bottom":"","left":"","isLinked":"1"},"align_mobile":"center","title_color":"#1C244B","typography_typography":"custom","typography_font_family":"Poppins","typography_font_size":{"unit":"px","size":"65","sizes":[]},"typography_font_size_tablet":{"unit":"px","size":"42","sizes":[]},"typography_font_size_mobile":{"unit":"px","size":"28","sizes":[]},"typography_font_weight":"600","typography_text_transform":"none","typography_font_style":"normal","typography_text_decoration":"none","typography_line_height":{"unit":"em","size":"1.2","sizes":[]},"typography_line_height_mobile":{"unit":"em","size":"1.1","sizes":[]},"typography_letter_spacing":{"unit":"px","size":"0","sizes":[]},"typography_word_spacing":{"unit":"em","size":"0","sizes":[]}},"elements":[],"isInner":false,"widgetType":"heading","elType":"widget"},{"id":"4ec179d4","settings":{"editor":"<p>A short description introducing visitors to your business and the services you offer<\/p>","align_mobile":"center","text_color":"#324A6D","typography_typography":"custom","typography_font_family":"Poppins","typography_font_size":{"unit":"px","size":"22","sizes":[]},"typography_font_size_tablet":{"unit":"px","size":"14","sizes":[]},"typography_font_weight":"300","typography_text_transform":"none","typography_font_style":"normal","typography_text_decoration":"none","typography_line_height":{"unit":"em","size":"1.5","sizes":[]},"typography_letter_spacing":{"unit":"px","size":"0","sizes":[]},"__globals__":{"typography_typography":""},"_padding_mobile":{"unit":"%","top":"","right":"","bottom":"","left":"","isLinked":"1"},"_margin":{"unit":"%","top":"","right":"","bottom":"","left":"","isLinked":"1"},"_margin_tablet":{"unit":"%","top":"","right":"","bottom":"","left":"","isLinked":"1"},"_margin_mobile":{"unit":"%","top":"","right":"","bottom":"","left":"","isLinked":"1"},"typography_word_spacing":{"unit":"em","size":"0","sizes":[]},"_padding":{"unit":"%","top":"0","right":"15","bottom":"0","left":"0","isLinked":false},"_padding_tablet":{"unit":"%","top":"","right":"","bottom":"","left":"","isLinked":true}},"elements":[],"isInner":false,"widgetType":"text-editor","elType":"widget"},{"id":"4022e047","settings":{"text":"Contact us","button_text_color":"#FFFFFF","border_border":"solid","border_width":{"unit":"px","top":"1","right":"1","bottom":"1","left":"1","isLinked":"1"},"border_color":"#467FF7","border_radius":{"unit":"px","top":"100","right":"100","bottom":"100","left":"100","isLinked":"1"},"text_padding":{"unit":"px","top":"16","right":"55","bottom":"16","left":"55","isLinked":""},"__globals__":{"button_text_color":"","border_color":"","button_background_hover_color":"","hover_color":""},"align_mobile":"center","typography_typography":"custom","typography_font_family":"Poppins","typography_font_size":{"unit":"px","size":"16","sizes":[]},"typography_font_size_tablet":{"unit":"px","size":"14","sizes":[]},"typography_font_weight":"400","typography_text_transform":"capitalize","typography_font_style":"normal","typography_text_decoration":"none","typography_line_height":{"unit":"em","size":"1","sizes":[]},"typography_letter_spacing":{"unit":"px","size":"0","sizes":[]},"background_color":"#467FF7","hover_color":"#467FF7","button_background_hover_color":"#02010100","typography_word_spacing":{"unit":"em","size":"0","sizes":[]},"text_padding_mobile":{"unit":"px","top":"15","right":"35","bottom":"15","left":"35","isLinked":""},"_margin":{"unit":"%","top":"","right":"","bottom":"","left":"","isLinked":"1"},"_margin_tablet":{"unit":"%","top":"","right":"","bottom":"","left":"","isLinked":"1"},"_margin_mobile":{"unit":"%","top":"","right":"","bottom":"","left":"","isLinked":"1"}},"elements":[],"isInner":false,"widgetType":"button","elType":"widget"}],"isInner":true,"elType":"container"},{"id":"499ac55f","settings":{"_column_size":"50","width":{"size":60,"unit":"%"},"width_tablet":{"size":"100","unit":"%"},"flex_gap":{"size":"0","unit":"px","column":"0","row":"0","isLinked":true},"margin_mobile":{"unit":"%","top":"","right":"","bottom":"","left":"","isLinked":true},"margin_tablet":{"unit":"%","top":"","right":"","bottom":"","left":"","isLinked":true},"content_width":"full","flex_direction":"column","padding":{"unit":"px","top":"0","right":"0","bottom":"0","left":"0","isLinked":false}},"elements":[{"id":"1a7a64b6","settings":{"image":{"id":"29","url":"https:\/\/staging.hezlepinc.com\/wp-content\/uploads\/2025\/10\/Image_Placeholder_Hero-1.jpeg"},"width":{"unit":"%","size":"100","sizes":[]}},"elements":[],"isInner":false,"widgetType":"image","elType":"widget"}],"isInner":true,"elType":"container"}],"isInner":false,"elType":"container"},{"id":"79c62ce9","settings":{"layout":"full_width","flex_gap":{"size":10,"unit":"%","column":"10","row":"10","isLinked":true},"content_position":"middle","structure":"20","margin":{"unit":"%","top":"8","right":"0","bottom":"0","left":"0","isLinked":""},"padding":{"unit":"%","top":"0","right":"3","bottom":"0","left":"3","isLinked":""},"padding_tablet":{"unit":"%","top":"0","right":"5","bottom":"0","left":"5","isLinked":""},"reverse_order_tablet":"reverse-tablet","reverse_order_mobile":"reverse-mobile","margin_tablet":{"unit":"%","top":"15","right":"0","bottom":"0","left":"0","isLinked":""},"margin_mobile":{"unit":"%","top":"25","right":"0","bottom":"0","left":"0","isLinked":""},"_title":"About","flex_direction":"row","flex_align_items":"center","flex_direction_tablet":"column-reverse","flex_gap_tablet":{"unit":"px","size":70,"sizes":[],"column":"70","row":"70","isLinked":true},"flex_gap_mobile":{"unit":"px","size":50,"sizes":[],"column":"50","row":"50","isLinked":true},"boxed_width":{"unit":"px","size":1790,"sizes":[]}},"elements":[{"id":"ea40cc9","settings":{"_column_size":"50","width":{"size":50,"unit":"%"},"width_tablet":{"size":"100","unit":"%"},"flex_gap":{"size":"20","unit":"px","column":"20","row":"20","isLinked":true},"padding":{"unit":"%","top":"0","right":"0","bottom":"0","left":"0","isLinked":false},"padding_tablet":{"unit":"%","top":"","right":"","bottom":"","left":"","isLinked":"1"},"padding_mobile":{"unit":"%","top":"","right":"","bottom":"","left":"","isLinked":true},"margin_tablet":{"unit":"%","top":"","right":"","bottom":"","left":"","isLinked":true},"margin_mobile":{"unit":"%","top":"","right":"","bottom":"","left":"","isLinked":"1"},"content_width":"full"},"elements":[{"id":"75644bcd","settings":{"image":{"id":"29","url":"https:\/\/staging.hezlepinc.com\/wp-content\/uploads\/2025\/10\/Image_Placeholder_Hero-1.jpeg"},"align":"left","align_tablet":"left","width":{"unit":"%","size":100,"sizes":[]}},"elements":[],"isInner":false,"widgetType":"image","elType":"widget"}],"isInner":true,"elType":"container"},{"id":"68fabed8","settings":{"_column_size":"50","padding":{"unit":"%","top":"0","right":"5","bottom":"0","left":"0","isLinked":false},"width_tablet":{"size":"100","unit":"%"},"margin_tablet":{"unit":"%","top":"","right":"","bottom":"","left":"","isLinked":"1"},"padding_mobile":{"unit":"px","top":"0","right":"0","bottom":"0","left":"0","isLinked":""},"width":{"size":40,"unit":"%"},"flex_gap":{"size":"15","unit":"px","column":"15","row":"15","isLinked":true},"padding_tablet":{"unit":"%","top":"0","right":"10","bottom":"0","left":"0","isLinked":""},"content_width":"full","flex_direction":"column"},"elements":[{"id":"62b7b967","settings":{"title":"About Us","align_mobile":"center","header_size":"h3","title_color":"#1C244B","typography_typography":"custom","typography_font_family":"Poppins","typography_font_size":{"unit":"px","size":"65","sizes":[]},"typography_font_size_tablet":{"unit":"px","size":"45","sizes":[]},"typography_font_size_mobile":{"unit":"px","size":"28","sizes":[]},"typography_font_weight":"600","typography_text_transform":"none","typography_font_style":"normal","typography_text_decoration":"none","typography_line_height":{"unit":"em","size":"1.2","sizes":[]},"typography_line_height_mobile":{"unit":"em","size":"1.1","sizes":[]},"typography_letter_spacing":{"unit":"px","size":"0","sizes":[]},"typography_word_spacing":{"unit":"em","size":"0","sizes":[]}},"elements":[],"isInner":false,"widgetType":"heading","elType":"widget"},{"id":"10739475","settings":{"editor":"<p>Use this section to describe your company and the services you offer. You could share your company\u2019s story and details about why you are in business. The goal is to create a connection with the visitor and give them confidence to work with you.<\/p>","_padding":{"unit":"%","top":"","right":"","bottom":"","left":"","isLinked":true},"_padding_tablet":{"unit":"%","top":"0","right":"0","bottom":"0","left":"0","isLinked":""},"_padding_mobile":{"unit":"%","top":"0","right":"0","bottom":"0","left":"0","isLinked":""},"_margin":{"unit":"%","top":"","right":"","bottom":"","left":"","isLinked":"1"},"_margin_tablet":{"unit":"%","top":"","right":"","bottom":"","left":"","isLinked":"1"},"_margin_mobile":{"unit":"%","top":"","right":"","bottom":"","left":"","isLinked":"1"},"text_color":"#324A6D","typography_typography":"custom","typography_font_family":"Poppins","typography_font_size":{"unit":"px","size":"16","sizes":[]},"typography_font_weight":"300","typography_text_transform":"none","typography_font_style":"normal","typography_text_decoration":"none","typography_line_height":{"unit":"em","size":"1.5","sizes":[]},"typography_letter_spacing":{"unit":"px","size":"0","sizes":[]},"typography_word_spacing":{"unit":"em","size":"0","sizes":[]},"align_mobile":"center"},"elements":[],"isInner":false,"widgetType":"text-editor","elType":"widget"},{"id":"79d47f18","settings":{"text":"Learn more","button_text_color":"#FFFFFF","border_border":"solid","border_width":{"unit":"px","top":"1","right":"1","bottom":"1","left":"1","isLinked":"1"},"border_color":"#467FF7","border_radius":{"unit":"px","top":"100","right":"100","bottom":"100","left":"100","isLinked":"1"},"text_padding":{"unit":"px","top":"16","right":"55","bottom":"16","left":"55","isLinked":""},"_margin":{"unit":"%","top":"","right":"","bottom":"","left":"","isLinked":"1"},"__globals__":{"button_text_color":"","border_color":"","button_background_hover_color":"","hover_color":""},"typography_typography":"custom","typography_font_family":"Poppins","typography_font_size":{"unit":"px","size":"16","sizes":[]},"typography_font_size_tablet":{"unit":"px","size":"14","sizes":[]},"typography_font_weight":"400","typography_text_transform":"capitalize","typography_font_style":"normal","typography_text_decoration":"none","typography_line_height":{"unit":"em","size":"1","sizes":[]},"typography_letter_spacing":{"unit":"px","size":"0","sizes":[]},"background_color":"#467FF7","hover_color":"#467FF7","button_background_hover_color":"#02010100","align_mobile":"center","typography_word_spacing":{"unit":"em","size":"0","sizes":[]},"text_padding_mobile":{"unit":"px","top":"15","right":"35","bottom":"15","left":"35","isLinked":""},"_margin_tablet":{"unit":"%","top":"","right":"","bottom":"","left":"","isLinked":"1"},"_margin_mobile":{"unit":"%","top":"","right":"","bottom":"","left":"","isLinked":"1"}},"elements":[],"isInner":false,"widgetType":"button","elType":"widget"}],"isInner":true,"elType":"container"}],"isInner":false,"elType":"container"},{"id":"60e99508","settings":{"layout":"full_width","flex_gap":{"size":70,"unit":"px","column":"70","row":"70","isLinked":true},"padding":{"unit":"%","top":"0","right":"3","bottom":"0","left":"3","isLinked":""},"margin":{"unit":"%","top":"12","right":"0","bottom":"0","left":"0","isLinked":""},"padding_tablet":{"unit":"%","top":"0","right":"5","bottom":"0","left":"5","isLinked":""},"margin_tablet":{"unit":"%","top":"20","right":"0","bottom":"0","left":"0","isLinked":""},"margin_mobile":{"unit":"%","top":"25","right":0,"bottom":"0","left":0,"isLinked":""},"_title":"Services","flex_direction":"column","flex_align_items":"stretch","boxed_width":{"unit":"px","size":1790,"sizes":[]},"flex_gap_mobile":{"unit":"px","size":30,"sizes":[],"column":"30","row":"30","isLinked":true}},"elements":[{"id":"2f65fd0a","settings":{"_column_size":"100","flex_gap":{"size":20,"unit":"px","column":"20","row":"20","isLinked":true},"flex_gap_tablet":{"size":15,"unit":"px","column":"15","row":"15","isLinked":true},"padding":{"unit":"px","top":"0","right":"0","bottom":"0","left":"0","isLinked":false}},"elements":[{"id":"376b9e73","settings":{"title":"Our Services","align":"center","__globals__":{"typography_typography":""},"header_size":"h3","title_color":"#1C244B","typography_typography":"custom","typography_font_family":"Poppins","typography_font_size":{"unit":"px","size":"65","sizes":[]},"typography_font_size_tablet":{"unit":"px","size":"45","sizes":[]},"typography_font_size_mobile":{"unit":"px","size":"28","sizes":[]},"typography_font_weight":"600","typography_text_transform":"none","typography_font_style":"normal","typography_text_decoration":"none","typography_line_height":{"unit":"em","size":"1.2","sizes":[]},"typography_line_height_mobile":{"unit":"em","size":"1.1","sizes":[]},"typography_letter_spacing":{"unit":"px","size":"0","sizes":[]},"_margin":{"unit":"%","top":"","right":"","bottom":"","left":"","isLinked":"1"},"_margin_tablet":{"unit":"%","top":"","right":"","bottom":"","left":"","isLinked":"1"},"_margin_mobile":{"unit":"%","top":"","right":"","bottom":"","left":"","isLinked":"1"},"typography_word_spacing":{"unit":"em","size":"0","sizes":[]}},"elements":[],"isInner":false,"widgetType":"heading","elType":"widget"},{"id":"67cf8c7e","settings":{"title":"This text briefly introduces visitors to your main services.","align":"center","header_size":"p","__globals__":{"typography_typography":"","title_color":""},"align_mobile":"center","title_color":"#324A6D","typography_typography":"custom","typography_font_family":"Poppins","typography_font_size":{"unit":"px","size":"22","sizes":[]},"typography_font_size_tablet":{"unit":"px","size":"14","sizes":[]},"typography_font_weight":"300","typography_text_transform":"none","typography_font_style":"normal","typography_text_decoration":"none","typography_line_height":{"unit":"em","size":"1.5","sizes":[]},"typography_letter_spacing":{"unit":"px","size":"0","sizes":[]},"typography_word_spacing":{"unit":"em","size":"0","sizes":[]}},"elements":[],"isInner":false,"widgetType":"heading","elType":"widget"}],"isInner":true,"elType":"container"},{"id":"7384fb3","settings":{"layout":"full_width","flex_gap":{"size":2,"unit":"%","column":"2","row":"2","isLinked":true},"structure":"40","margin":{"unit":"%","top":"","right":"","bottom":"","left":"","isLinked":true},"margin_mobile":{"unit":"%","top":"","right":"","bottom":"","left":"","isLinked":true},"flex_direction":"row","flex_align_items":"stretch","content_width":"full","flex_justify_content_tablet":"space-between","flex_gap_tablet":{"unit":"px","size":60,"sizes":[],"column":"60","row":"60","isLinked":true},"flex_wrap_tablet":"wrap","padding":{"unit":"px","top":"0","right":"0","bottom":"0","left":"0","isLinked":false}},"elements":[{"id":"2e60257c","settings":{"image":{"id":"30","url":"https:\/\/staging.hezlepinc.com\/wp-content\/uploads\/2025\/10\/Image_Placeholder-about-1.jpeg"},"title_text":"Service 1","description_text":"A short description of the service and how the visitor will benefit from it.","title_size":"h4","image_size":{"unit":"%","size":"100","sizes":[]},"hover_animation":"grow","text_align":"left","title_bottom_space":{"unit":"px","size":"15","sizes":[]},"__globals__":{"title_typography_typography":""},"link":{"url":"#","is_external":"","nofollow":"","custom_attributes":""},"title_color":"#1C244B","title_typography_typography":"custom","title_typography_font_family":"Poppins","title_typography_font_size":{"unit":"px","size":"22","sizes":[]},"title_typography_font_size_mobile":{"unit":"px","size":"18","sizes":[]},"title_typography_font_weight":"600","title_typography_text_transform":"capitalize","title_typography_font_style":"normal","title_typography_text_decoration":"none","title_typography_line_height":{"unit":"em","size":"1.2","sizes":[]},"title_typography_letter_spacing":{"unit":"px","size":"0","sizes":[]},"title_typography_word_spacing":{"unit":"em","size":"0","sizes":[]},"description_color":"#324A6D","description_typography_typography":"custom","description_typography_font_family":"Poppins","description_typography_font_size":{"unit":"px","size":"16","sizes":[]},"description_typography_font_size_tablet":{"unit":"px","size":"14","sizes":[]},"description_typography_font_weight":"300","description_typography_text_transform":"none","description_typography_font_style":"normal","description_typography_text_decoration":"none","description_typography_line_height":{"unit":"em","size":"1.5","sizes":[]},"description_typography_letter_spacing":{"unit":"px","size":"0","sizes":[]},"description_typography_word_spacing":{"unit":"px","size":"0","sizes":[]},"_element_width":"initial","_element_width_mobile":"inherit","_element_custom_width":{"unit":"%","size":25,"sizes":[]},"_element_custom_width_tablet":{"unit":"%","size":45,"sizes":[]},"_element_custom_width_mobile":{"unit":"%","size":"","sizes":[]}},"elements":[],"isInner":false,"widgetType":"image-box","elType":"widget"},{"id":"68ae41f0","settings":{"image":{"id":"30","url":"https:\/\/staging.hezlepinc.com\/wp-content\/uploads\/2025\/10\/Image_Placeholder-about-1.jpeg"},"title_text":"Service 2","description_text":"A short description of the service and how the visitor will benefit from it.","title_size":"h4","image_size":{"unit":"%","size":"100","sizes":[]},"hover_animation":"grow","text_align":"left","title_bottom_space":{"unit":"px","size":"15","sizes":[]},"__globals__":{"title_typography_typography":""},"link":{"url":"#","is_external":"","nofollow":"","custom_attributes":""},"title_color":"#1C244B","title_typography_typography":"custom","title_typography_font_family":"Poppins","title_typography_font_size":{"unit":"px","size":"22","sizes":[]},"title_typography_font_size_mobile":{"unit":"px","size":"18","sizes":[]},"title_typography_font_weight":"600","title_typography_text_transform":"capitalize","title_typography_font_style":"normal","title_typography_text_decoration":"none","title_typography_line_height":{"unit":"em","size":"1.2","sizes":[]},"title_typography_letter_spacing":{"unit":"px","size":"0","sizes":[]},"title_typography_word_spacing":{"unit":"em","size":"0","sizes":[]},"description_color":"#324A6D","description_typography_typography":"custom","description_typography_font_family":"Poppins","description_typography_font_size":{"unit":"px","size":"16","sizes":[]},"description_typography_font_size_tablet":{"unit":"px","size":"14","sizes":[]},"description_typography_font_weight":"300","description_typography_text_transform":"none","description_typography_font_style":"normal","description_typography_text_decoration":"none","description_typography_line_height":{"unit":"em","size":"1.5","sizes":[]},"description_typography_letter_spacing":{"unit":"px","size":"0","sizes":[]},"description_typography_word_spacing":{"unit":"px","size":"0","sizes":[]},"_element_width":"initial","_element_width_mobile":"inherit","_element_custom_width":{"unit":"%","size":25,"sizes":[]},"_element_custom_width_tablet":{"unit":"%","size":45,"sizes":[]},"_element_custom_width_mobile":{"unit":"%","size":"","sizes":[]}},"elements":[],"isInner":false,"widgetType":"image-box","elType":"widget"},{"id":"6bbf82d8","settings":{"image":{"id":"30","url":"https:\/\/staging.hezlepinc.com\/wp-content\/uploads\/2025\/10\/Image_Placeholder-about-1.jpeg"},"title_text":"Service 3","description_text":"A short description of the service and how the visitor will benefit from it.","title_size":"h4","image_size":{"unit":"%","size":"100","sizes":[]},"hover_animation":"grow","text_align":"left","title_bottom_space":{"unit":"px","size":"15","sizes":[]},"__globals__":{"title_typography_typography":""},"link":{"url":"#","is_external":"","nofollow":"","custom_attributes":""},"title_color":"#1C244B","title_typography_typography":"custom","title_typography_font_family":"Poppins","title_typography_font_size":{"unit":"px","size":"22","sizes":[]},"title_typography_font_size_mobile":{"unit":"px","size":"18","sizes":[]},"title_typography_font_weight":"600","title_typography_text_transform":"capitalize","title_typography_font_style":"normal","title_typography_text_decoration":"none","title_typography_line_height":{"unit":"em","size":"1.2","sizes":[]},"title_typography_letter_spacing":{"unit":"px","size":"0","sizes":[]},"title_typography_word_spacing":{"unit":"em","size":"0","sizes":[]},"description_color":"#324A6D","description_typography_typography":"custom","description_typography_font_family":"Poppins","description_typography_font_size":{"unit":"px","size":"16","sizes":[]},"description_typography_font_size_tablet":{"unit":"px","size":"14","sizes":[]},"description_typography_font_weight":"300","description_typography_text_transform":"none","description_typography_font_style":"normal","description_typography_text_decoration":"none","description_typography_line_height":{"unit":"em","size":"1.5","sizes":[]},"description_typography_letter_spacing":{"unit":"px","size":"0","sizes":[]},"description_typography_word_spacing":{"unit":"px","size":"0","sizes":[]},"_element_width":"initial","_element_width_mobile":"inherit","_element_custom_width":{"unit":"%","size":25,"sizes":[]},"_element_custom_width_tablet":{"unit":"%","size":45,"sizes":[]},"_element_custom_width_mobile":{"unit":"%","size":"","sizes":[]}},"elements":[],"isInner":false,"widgetType":"image-box","elType":"widget"},{"id":"21d66b6a","settings":{"image":{"id":"30","url":"https:\/\/staging.hezlepinc.com\/wp-content\/uploads\/2025\/10\/Image_Placeholder-about-1.jpeg"},"title_text":"Service 4","description_text":"A short description of the service and how the visitor will benefit from it.","title_size":"h4","image_size":{"unit":"%","size":"100","sizes":[]},"hover_animation":"grow","text_align":"left","title_bottom_space":{"unit":"px","size":"15","sizes":[]},"__globals__":{"title_typography_typography":""},"link":{"url":"#","is_external":"","nofollow":"","custom_attributes":""},"title_color":"#1C244B","title_typography_typography":"custom","title_typography_font_family":"Poppins","title_typography_font_size":{"unit":"px","size":"22","sizes":[]},"title_typography_font_size_mobile":{"unit":"px","size":"18","sizes":[]},"title_typography_font_weight":"600","title_typography_text_transform":"capitalize","title_typography_font_style":"normal","title_typography_text_decoration":"none","title_typography_line_height":{"unit":"em","size":"1.2","sizes":[]},"title_typography_letter_spacing":{"unit":"px","size":"0","sizes":[]},"title_typography_word_spacing":{"unit":"em","size":"0","sizes":[]},"description_color":"#324A6D","description_typography_typography":"custom","description_typography_font_family":"Poppins","description_typography_font_size":{"unit":"px","size":"16","sizes":[]},"description_typography_font_size_tablet":{"unit":"px","size":"14","sizes":[]},"description_typography_font_weight":"300","description_typography_text_transform":"none","description_typography_font_style":"normal","description_typography_text_decoration":"none","description_typography_line_height":{"unit":"em","size":"1.5","sizes":[]},"description_typography_letter_spacing":{"unit":"px","size":"0","sizes":[]},"description_typography_word_spacing":{"unit":"px","size":"0","sizes":[]},"_element_width":"initial","_element_width_mobile":"inherit","_element_custom_width":{"unit":"%","size":25,"sizes":[]},"_element_custom_width_tablet":{"unit":"%","size":45,"sizes":[]},"_element_custom_width_mobile":{"unit":"%","size":"","sizes":[]}},"elements":[],"isInner":false,"widgetType":"image-box","elType":"widget"}],"isInner":true,"elType":"container"}],"isInner":false,"elType":"container"},{"id":"14d2d8b4","settings":{"layout":"full_width","flex_gap":{"size":15,"unit":"%","column":"15","row":"15","isLinked":true},"padding":{"unit":"%","top":"8","right":"8","bottom":"8","left":"8","isLinked":""},"margin":{"unit":"%","top":"12","right":"0","bottom":"0","left":"0","isLinked":""},"content_position":"middle","background_background":"classic","__globals__":{"background_color":""},"padding_tablet":{"unit":"%","top":"12","right":"10","bottom":"12","left":"10","isLinked":""},"margin_tablet":{"unit":"%","top":"25","right":"0","bottom":"0","left":"0","isLinked":""},"margin_mobile":{"unit":"%","top":"35","right":"0","bottom":"0","left":"0","isLinked":""},"padding_mobile":{"unit":"%","top":"25","right":"5","bottom":"25","left":"5","isLinked":""},"_title":"Benefits","flex_direction":"row","flex_align_items":"stretch","flex_justify_content":"space-between","flex_gap_tablet":{"unit":"px","size":90,"sizes":[],"column":"90","row":"90","isLinked":true},"flex_gap_mobile":{"unit":"px","size":70,"sizes":[],"column":"70","row":"70","isLinked":true},"flex_wrap_tablet":"wrap","background_color":"#F3F5F8","boxed_width":{"unit":"px","size":1790,"sizes":[]},"flex_justify_content_mobile":"center"},"elements":[{"id":"687865b1","settings":{"title_text":"benefit 1","description_text":"A short description of the benefit.","title_size":"h4","text_align":"center","__globals__":{"title_typography_typography":"","primary_color":"","secondary_color":""},"selected_icon":{"value":"","library":""},"view":"stacked","shape":"square","hover_animation":"shrink","icon_space":{"unit":"px","size":"20","sizes":[]},"icon_size":{"unit":"px","size":"45","sizes":[]},"icon_padding":{"unit":"px","size":"20","sizes":[]},"border_radius":{"unit":"px","top":"12","right":"12","bottom":"12","left":"12","isLinked":"1"},"title_bottom_space":{"unit":"px","size":"10","sizes":[]},"primary_color":"#FFFFFF","secondary_color":"#C8D5DC","title_color":"#1C244B","title_typography_typography":"custom","title_typography_font_family":"Poppins","title_typography_font_size":{"unit":"px","size":"22","sizes":[]},"title_typography_font_size_mobile":{"unit":"px","size":"18","sizes":[]},"title_typography_font_weight":"600","title_typography_text_transform":"capitalize","title_typography_font_style":"normal","title_typography_text_decoration":"none","title_typography_line_height":{"unit":"em","size":"1.2","sizes":[]},"title_typography_letter_spacing":{"unit":"px","size":"0","sizes":[]},"description_color":"#324A6D","description_typography_typography":"custom","description_typography_font_family":"Poppins","description_typography_font_size":{"unit":"px","size":"16","sizes":[]},"description_typography_font_size_tablet":{"unit":"px","size":14,"sizes":[]},"description_typography_font_weight":"300","description_typography_text_transform":"none","description_typography_font_style":"normal","description_typography_text_decoration":"none","description_typography_line_height":{"unit":"em","size":"1.5","sizes":[]},"description_typography_letter_spacing":{"unit":"px","size":"0","sizes":[]},"title_typography_word_spacing":{"unit":"em","size":"0","sizes":[]},"description_typography_word_spacing":{"unit":"em","size":"0","sizes":[]},"_element_width":"initial","_element_custom_width":{"unit":"%","size":25,"sizes":[]},"_element_custom_width_tablet":{"unit":"%","size":40,"sizes":[]},"_element_custom_width_mobile":{"unit":"%","size":"","sizes":[]}},"elements":[],"isInner":false,"widgetType":"icon-box","elType":"widget"},{"id":"3d301a33","settings":{"title_text":"benefit 2","description_text":"A short description of the benefit.","title_size":"h4","text_align":"center","__globals__":{"title_typography_typography":"","primary_color":"","secondary_color":""},"selected_icon":{"value":"","library":""},"view":"stacked","shape":"square","hover_animation":"shrink","icon_space":{"unit":"px","size":"20","sizes":[]},"icon_size":{"unit":"px","size":"45","sizes":[]},"icon_padding":{"unit":"px","size":"20","sizes":[]},"border_radius":{"unit":"px","top":"12","right":"12","bottom":"12","left":"12","isLinked":"1"},"title_bottom_space":{"unit":"px","size":"10","sizes":[]},"primary_color":"#FFFFFF","secondary_color":"#C8D5DC","title_color":"#1C244B","title_typography_typography":"custom","title_typography_font_family":"Poppins","title_typography_font_size":{"unit":"px","size":"22","sizes":[]},"title_typography_font_size_mobile":{"unit":"px","size":"18","sizes":[]},"title_typography_font_weight":"600","title_typography_text_transform":"capitalize","title_typography_font_style":"normal","title_typography_text_decoration":"none","title_typography_line_height":{"unit":"em","size":"1.2","sizes":[]},"title_typography_letter_spacing":{"unit":"px","size":"0","sizes":[]},"description_color":"#324A6D","description_typography_typography":"custom","description_typography_font_family":"Poppins","description_typography_font_size":{"unit":"px","size":"16","sizes":[]},"description_typography_font_weight":"300","description_typography_text_transform":"none","description_typography_font_style":"normal","description_typography_text_decoration":"none","description_typography_line_height":{"unit":"em","size":"1.5","sizes":[]},"description_typography_letter_spacing":{"unit":"px","size":"0","sizes":[]},"description_typography_word_spacing":{"unit":"em","size":"0","sizes":[]},"title_typography_word_spacing":{"unit":"em","size":"0","sizes":[]},"description_typography_font_size_tablet":{"unit":"px","size":14,"sizes":[]},"_element_width":"initial","_element_custom_width":{"unit":"%","size":25,"sizes":[]},"_element_custom_width_tablet":{"unit":"%","size":40,"sizes":[]},"_element_custom_width_mobile":{"unit":"%","size":"","sizes":[]}},"elements":[],"isInner":false,"widgetType":"icon-box","elType":"widget"},{"id":"471173a4","settings":{"title_text":"benefit 3","description_text":"A short description of the benefit.","title_size":"h4","text_align":"center","__globals__":{"title_typography_typography":"","primary_color":"","secondary_color":""},"selected_icon":{"value":"","library":""},"view":"stacked","shape":"square","hover_animation":"shrink","icon_space":{"unit":"px","size":"20","sizes":[]},"icon_size":{"unit":"px","size":"45","sizes":[]},"icon_padding":{"unit":"px","size":"20","sizes":[]},"border_radius":{"unit":"px","top":"12","right":"12","bottom":"12","left":"12","isLinked":"1"},"title_bottom_space":{"unit":"px","size":"10","sizes":[]},"primary_color":"#FFFFFF","secondary_color":"#C8D5DC","title_color":"#1C244B","title_typography_typography":"custom","title_typography_font_family":"Poppins","title_typography_font_size":{"unit":"px","size":"22","sizes":[]},"title_typography_font_size_mobile":{"unit":"px","size":"18","sizes":[]},"title_typography_font_weight":"600","title_typography_text_transform":"capitalize","title_typography_font_style":"normal","title_typography_text_decoration":"none","title_typography_line_height":{"unit":"em","size":"1.2","sizes":[]},"title_typography_letter_spacing":{"unit":"px","size":"0","sizes":[]},"description_color":"#324A6D","description_typography_typography":"custom","description_typography_font_family":"Poppins","description_typography_font_size":{"unit":"px","size":"16","sizes":[]},"description_typography_font_size_tablet":{"unit":"px","size":14,"sizes":[]},"description_typography_font_weight":"300","description_typography_text_transform":"none","description_typography_font_style":"normal","description_typography_text_decoration":"none","description_typography_line_height":{"unit":"em","size":"1.5","sizes":[]},"description_typography_letter_spacing":{"unit":"px","size":"0","sizes":[]},"title_typography_word_spacing":{"unit":"em","size":"0","sizes":[]},"description_typography_word_spacing":{"unit":"em","size":"0","sizes":[]},"_element_width":"initial","_element_custom_width":{"unit":"%","size":25,"sizes":[]},"_element_custom_width_tablet":{"unit":"%","size":40,"sizes":[]},"_element_custom_width_mobile":{"unit":"%","size":"","sizes":[]}},"elements":[],"isInner":false,"widgetType":"icon-box","elType":"widget"},{"id":"2349b85d","settings":{"title_text":"benefit 4","description_text":"A short description of the benefit.","title_size":"h4","text_align":"center","__globals__":{"title_typography_typography":"","primary_color":"","secondary_color":""},"selected_icon":{"value":"","library":""},"view":"stacked","shape":"square","hover_animation":"shrink","icon_space":{"unit":"px","size":"20","sizes":[]},"icon_size":{"unit":"px","size":"45","sizes":[]},"icon_padding":{"unit":"px","size":"20","sizes":[]},"border_radius":{"unit":"px","top":"12","right":"12","bottom":"12","left":"12","isLinked":"1"},"title_bottom_space":{"unit":"px","size":"10","sizes":[]},"primary_color":"#FFFFFF","secondary_color":"#C8D5DC","title_color":"#1C244B","title_typography_typography":"custom","title_typography_font_family":"Poppins","title_typography_font_size":{"unit":"px","size":"22","sizes":[]},"title_typography_font_size_mobile":{"unit":"px","size":"18","sizes":[]},"title_typography_font_weight":"600","title_typography_text_transform":"capitalize","title_typography_font_style":"normal","title_typography_text_decoration":"none","title_typography_line_height":{"unit":"em","size":"1.2","sizes":[]},"title_typography_letter_spacing":{"unit":"px","size":"0","sizes":[]},"description_color":"#324A6D","description_typography_typography":"custom","description_typography_font_family":"Poppins","description_typography_font_size":{"unit":"px","size":"16","sizes":[]},"description_typography_font_size_tablet":{"unit":"px","size":14,"sizes":[]},"description_typography_font_weight":"300","description_typography_text_transform":"none","description_typography_font_style":"normal","description_typography_text_decoration":"none","description_typography_line_height":{"unit":"em","size":"1.5","sizes":[]},"description_typography_letter_spacing":{"unit":"px","size":"0","sizes":[]},"title_typography_word_spacing":{"unit":"em","size":"0","sizes":[]},"description_typography_word_spacing":{"unit":"em","size":"0","sizes":[]},"_element_width":"initial","_element_custom_width":{"unit":"%","size":25,"sizes":[]},"_element_custom_width_tablet":{"unit":"%","size":40,"sizes":[]},"_element_custom_width_mobile":{"unit":"%","size":"","sizes":[]}},"elements":[],"isInner":false,"widgetType":"icon-box","elType":"widget"}],"isInner":false,"elType":"container"},{"id":"6670c7bb","settings":{"layout":"full_width","flex_gap":{"size":50,"unit":"px","column":"50","row":"50","isLinked":true},"padding":{"unit":"%","top":"0","right":"8","bottom":"0","left":"8","isLinked":""},"margin":{"unit":"%","top":"12","right":"0","bottom":"0","left":"0","isLinked":""},"padding_tablet":{"unit":"%","top":"0","right":"5","bottom":"0","left":"5","isLinked":""},"margin_tablet":{"unit":"%","top":"25","right":"0","bottom":"0","left":"0","isLinked":""},"margin_mobile":{"unit":"%","top":"35","right":"0","bottom":"0","left":"0","isLinked":""},"_title":"Testimonials","flex_direction":"column","flex_align_items":"stretch","flex_gap_tablet":{"unit":"%","size":"","sizes":[],"column":"","row":"","isLinked":true},"flex_gap_mobile":{"unit":"%","size":"","sizes":[],"column":"","row":"","isLinked":true},"boxed_width":{"unit":"px","size":1790,"sizes":[]}},"elements":[{"id":"2b1c2d1","settings":{"title":"Client Testimonials","align":"center","__globals__":{"typography_typography":""},"header_size":"h3","title_color":"#1C244B","typography_typography":"custom","typography_font_family":"Poppins","typography_font_size":{"unit":"px","size":"65","sizes":[]},"typography_font_size_tablet":{"unit":"px","size":"45","sizes":[]},"typography_font_size_mobile":{"unit":"px","size":"28","sizes":[]},"typography_font_weight":"600","typography_text_transform":"none","typography_font_style":"normal","typography_text_decoration":"none","typography_line_height":{"unit":"em","size":"1.2","sizes":[]},"typography_line_height_mobile":{"unit":"em","size":"1.1","sizes":[]},"typography_letter_spacing":{"unit":"px","size":"0","sizes":[]},"typography_word_spacing":{"unit":"em","size":"0","sizes":[]}},"elements":[],"isInner":false,"widgetType":"heading","elType":"widget"},{"id":"7ee64c39","settings":{"_column_size":"100","align":"center","content_width":"full","width_tablet":{"unit":"%","size":"","sizes":[]},"width_mobile":{"unit":"%","size":"","sizes":[]},"flex_direction":"row","flex_direction_tablet":"column","flex_justify_content":"space-between","flex_gap":{"unit":"px","size":135,"sizes":[],"column":"135","row":"135","isLinked":true},"flex_gap_tablet":{"unit":"px","size":60,"sizes":[],"column":"60","row":"60","isLinked":true},"padding_tablet":{"unit":"%","top":"0","right":"15","bottom":"0","left":"15","isLinked":false},"padding_mobile":{"unit":"%","top":"0","right":"0","bottom":"0","left":"0","isLinked":false},"padding":{"unit":"px","top":"0","right":"0","bottom":"0","left":"0","isLinked":false}},"elements":[{"id":"4b2f3792","settings":{"testimonial_content":"\u201cA testimonial from a client who benefited from your product or service. Testimonials can be a highly effective way of establishing credibility and increasing your company's reputation.\u201d","testimonial_name":"Client Name","testimonial_job":"","testimonial_alignment":"left","image_size":{"unit":"px","size":"63","sizes":[]},"__globals__":{"name_typography_typography":"","image_border_color":"globals\/colors?id=14ef391"},"testimonial_image":{"id":"31","url":"https:\/\/staging.hezlepinc.com\/wp-content\/uploads\/2025\/10\/Image-Testemonials-1-1.jpeg"},"image_border_radius":{"unit":"px","top":"50","right":"50","bottom":"50","left":"50","isLinked":"1"},"image_border_width":{"unit":"px","top":"1","right":"1","bottom":"1","left":"1","isLinked":"1"},"content_content_color":"#324A6D","content_typography_typography":"custom","content_typography_font_family":"Poppins","content_typography_font_size":{"unit":"px","size":"16","sizes":[]},"content_typography_font_size_tablet":{"unit":"px","size":"14","sizes":[]},"content_typography_font_weight":"300","content_typography_text_transform":"none","content_typography_font_style":"normal","content_typography_text_decoration":"none","content_typography_line_height":{"unit":"em","size":"1.5","sizes":[]},"content_typography_letter_spacing":{"unit":"px","size":"0","sizes":[]},"image_border_color":"#C8D5DC","name_text_color":"#1C244B","name_typography_typography":"custom","name_typography_font_family":"Poppins","name_typography_font_size":{"unit":"px","size":"16","sizes":[]},"name_typography_font_size_tablet":{"unit":"px","size":"14","sizes":[]},"name_typography_font_weight":"400","name_typography_text_transform":"capitalize","name_typography_font_style":"italic","name_typography_text_decoration":"none","name_typography_line_height":{"unit":"em","size":"1.3","sizes":[]},"name_typography_letter_spacing":{"unit":"px","size":"0","sizes":[]},"job_text_color":"#F3F5F8","job_typography_typography":"custom","job_typography_font_family":"Poppins","job_typography_font_size":{"unit":"px","size":"36","sizes":[]},"job_typography_font_size_tablet":{"unit":"px","size":"25","sizes":[]},"job_typography_font_size_mobile":{"unit":"px","size":"20","sizes":[]},"job_typography_font_weight":"600","job_typography_text_transform":"capitalize","job_typography_font_style":"normal","job_typography_text_decoration":"none","job_typography_line_height":{"unit":"em","size":"1.1","sizes":[]},"job_typography_letter_spacing":{"unit":"px","size":"0","sizes":[]},"content_typography_word_spacing":{"unit":"em","size":"0","sizes":[]},"name_typography_word_spacing":{"unit":"em","size":"0","sizes":[]},"job_typography_word_spacing":{"unit":"em","size":"0","sizes":[]},"_element_width":"initial","_element_width_tablet":"inherit","_element_custom_width":{"unit":"%","size":33.33,"sizes":[]}},"elements":[],"isInner":false,"widgetType":"testimonial","elType":"widget"},{"id":"3ec40a5d","settings":{"testimonial_content":"\u201cA testimonial from a client who benefited from your product or service. Testimonials can be a highly effective way of establishing credibility and increasing your company's reputation.\u201d","testimonial_name":"Client Name","testimonial_job":"","testimonial_alignment":"left","image_size":{"unit":"px","size":"63","sizes":[]},"__globals__":{"name_typography_typography":"","image_border_color":"globals\/colors?id=14ef391"},"testimonial_image":{"id":"31","url":"https:\/\/staging.hezlepinc.com\/wp-content\/uploads\/2025\/10\/Image-Testemonials-1-1.jpeg"},"image_border_radius":{"unit":"px","top":"50","right":"50","bottom":"50","left":"50","isLinked":"1"},"image_border_width":{"unit":"px","top":"1","right":"1","bottom":"1","left":"1","isLinked":"1"},"content_content_color":"#324A6D","content_typography_typography":"custom","content_typography_font_family":"Poppins","content_typography_font_size":{"unit":"px","size":"16","sizes":[]},"content_typography_font_size_tablet":{"unit":"px","size":"14","sizes":[]},"content_typography_font_weight":"300","content_typography_text_transform":"none","content_typography_font_style":"normal","content_typography_text_decoration":"none","content_typography_line_height":{"unit":"em","size":"1.5","sizes":[]},"content_typography_letter_spacing":{"unit":"px","size":"0","sizes":[]},"image_border_color":"#C8D5DC","name_text_color":"#1C244B","name_typography_typography":"custom","name_typography_font_family":"Poppins","name_typography_font_size":{"unit":"px","size":"16","sizes":[]},"name_typography_font_size_tablet":{"unit":"px","size":"14","sizes":[]},"name_typography_font_weight":"400","name_typography_text_transform":"capitalize","name_typography_font_style":"italic","name_typography_text_decoration":"none","name_typography_line_height":{"unit":"em","size":"1.3","sizes":[]},"name_typography_letter_spacing":{"unit":"px","size":"0","sizes":[]},"job_text_color":"#F3F5F8","job_typography_typography":"custom","job_typography_font_family":"Poppins","job_typography_font_size":{"unit":"px","size":"36","sizes":[]},"job_typography_font_size_tablet":{"unit":"px","size":"25","sizes":[]},"job_typography_font_size_mobile":{"unit":"px","size":"20","sizes":[]},"job_typography_font_weight":"600","job_typography_text_transform":"capitalize","job_typography_font_style":"normal","job_typography_text_decoration":"none","job_typography_line_height":{"unit":"em","size":"1.1","sizes":[]},"job_typography_letter_spacing":{"unit":"px","size":"0","sizes":[]},"content_typography_word_spacing":{"unit":"em","size":"0","sizes":[]},"name_typography_word_spacing":{"unit":"em","size":"0","sizes":[]},"job_typography_word_spacing":{"unit":"em","size":"0","sizes":[]},"_element_width":"initial","_element_width_tablet":"inherit","_element_custom_width":{"unit":"%","size":33.33,"sizes":[]}},"elements":[],"isInner":false,"widgetType":"testimonial","elType":"widget"},{"id":"13253efa","settings":{"testimonial_content":"\u201cA testimonial from a client who benefited from your product or service. Testimonials can be a highly effective way of establishing credibility and increasing your company's reputation.\u201d","testimonial_name":"Client Name","testimonial_job":"","testimonial_alignment":"left","image_size":{"unit":"px","size":"63","sizes":[]},"__globals__":{"name_typography_typography":"","image_border_color":"globals\/colors?id=14ef391"},"testimonial_image":{"id":"31","url":"https:\/\/staging.hezlepinc.com\/wp-content\/uploads\/2025\/10\/Image-Testemonials-1-1.jpeg"},"image_border_radius":{"unit":"px","top":"50","right":"50","bottom":"50","left":"50","isLinked":"1"},"image_border_width":{"unit":"px","top":"1","right":"1","bottom":"1","left":"1","isLinked":"1"},"content_content_color":"#324A6D","content_typography_typography":"custom","content_typography_font_family":"Poppins","content_typography_font_size":{"unit":"px","size":"16","sizes":[]},"content_typography_font_size_tablet":{"unit":"px","size":"14","sizes":[]},"content_typography_font_weight":"300","content_typography_text_transform":"none","content_typography_font_style":"normal","content_typography_text_decoration":"none","content_typography_line_height":{"unit":"em","size":"1.5","sizes":[]},"content_typography_letter_spacing":{"unit":"px","size":"0","sizes":[]},"image_border_color":"#C8D5DC","name_text_color":"#1C244B","name_typography_typography":"custom","name_typography_font_family":"Poppins","name_typography_font_size":{"unit":"px","size":"16","sizes":[]},"name_typography_font_size_tablet":{"unit":"px","size":"14","sizes":[]},"name_typography_font_weight":"400","name_typography_text_transform":"capitalize","name_typography_font_style":"italic","name_typography_text_decoration":"none","name_typography_line_height":{"unit":"em","size":"1.3","sizes":[]},"name_typography_letter_spacing":{"unit":"px","size":"0","sizes":[]},"job_text_color":"#F3F5F8","job_typography_typography":"custom","job_typography_font_family":"Poppins","job_typography_font_size":{"unit":"px","size":"36","sizes":[]},"job_typography_font_size_tablet":{"unit":"px","size":"25","sizes":[]},"job_typography_font_size_mobile":{"unit":"px","size":"20","sizes":[]},"job_typography_font_weight":"600","job_typography_text_transform":"capitalize","job_typography_font_style":"normal","job_typography_text_decoration":"none","job_typography_line_height":{"unit":"em","size":"1.1","sizes":[]},"job_typography_letter_spacing":{"unit":"px","size":"0","sizes":[]},"content_typography_word_spacing":{"unit":"em","size":"0","sizes":[]},"name_typography_word_spacing":{"unit":"em","size":"0","sizes":[]},"job_typography_word_spacing":{"unit":"em","size":"0","sizes":[]},"_element_width":"initial","_element_width_tablet":"inherit","_element_custom_width":{"unit":"%","size":33.33,"sizes":[]}},"elements":[],"isInner":false,"widgetType":"testimonial","elType":"widget"}],"isInner":true,"elType":"container"}],"isInner":false,"elType":"container"},{"id":"25ef70e2","settings":{"flex_gap":{"size":20,"unit":"%","column":"20","row":"20","isLinked":true},"content_position":"middle","margin":{"unit":"%","top":"12","right":"0","bottom":"0","left":"0","isLinked":""},"padding":{"unit":"%","top":"0","right":"3","bottom":"0","left":"3","isLinked":""},"padding_tablet":{"unit":"%","top":"0","right":"5","bottom":"0","left":"5","isLinked":""},"reverse_order_tablet":"reverse-tablet","reverse_order_mobile":"reverse-mobile","margin_tablet":{"unit":"%","top":"15","right":"0","bottom":"0","left":"0","isLinked":""},"margin_mobile":{"unit":"%","top":"25","right":"0","bottom":"0","left":"0","isLinked":""},"_title":"CTA","boxed_width":{"unit":"px","size":"750","sizes":[]},"layout":"full_width","structure":"20","flex_direction":"row","flex_align_items":"center","content_width":"full","flex_direction_tablet":"column-reverse","flex_justify_content":"space-between","flex_gap_tablet":{"unit":"px","size":70,"sizes":[],"column":"70","row":"70","isLinked":true},"flex_gap_mobile":{"unit":"px","size":50,"sizes":[],"column":"50","row":"50","isLinked":true}},"elements":[{"id":"57fbcef8","settings":{"_column_size":"50","width":{"size":50,"unit":"%"},"flex_gap":{"size":"0","unit":"px","column":"0","row":"0","isLinked":true},"width_tablet":{"size":"100","unit":"%"},"padding_mobile":{"unit":"%","top":"","right":"","bottom":"","left":"","isLinked":"1"},"margin_tablet":{"unit":"%","top":"","right":"","bottom":"","left":"","isLinked":true},"margin_mobile":{"unit":"%","top":"","right":"","bottom":"","left":"","isLinked":true},"content_width":"full","padding":{"unit":"px","top":"0","right":"0","bottom":"0","left":"0","isLinked":false},"flex_direction":"column"},"elements":[{"id":"9167608","settings":{"image":{"id":"30","url":"https:\/\/staging.hezlepinc.com\/wp-content\/uploads\/2025\/10\/Image_Placeholder-about-1.jpeg"},"align":"left","width_tablet":{"unit":"%","size":"100","sizes":[]}},"elements":[],"isInner":false,"widgetType":"image","elType":"widget"}],"isInner":true,"elType":"container"},{"id":"669d9df9","settings":{"_column_size":"50","padding":{"unit":"%","top":"0","right":"0","bottom":"0","left":"0","isLinked":false},"width_tablet":{"size":"100","unit":"%"},"margin_tablet":{"unit":"%","top":"","right":"","bottom":"","left":"","isLinked":"1"},"padding_mobile":{"unit":"px","top":"0","right":"0","bottom":"0","left":"0","isLinked":""},"flex_gap":{"size":"15","unit":"px","column":"15","row":"15","isLinked":true},"width":{"size":50,"unit":"%"},"padding_tablet":{"unit":"%","top":"0","right":"15","bottom":"0","left":"15","isLinked":false},"content_width":"full","width_mobile":{"unit":"%","size":"","sizes":[]},"flex_direction":"column"},"elements":[{"id":"3869b9c5","settings":{"title":"A Title to Turn the Visitor Into a Lead","align_mobile":"center","header_size":"h3","align":"left","title_color":"#1C244B","typography_typography":"custom","typography_font_family":"Poppins","typography_font_size":{"unit":"px","size":"65","sizes":[]},"typography_font_size_tablet":{"unit":"px","size":"45","sizes":[]},"typography_font_size_mobile":{"unit":"px","size":"28","sizes":[]},"typography_font_weight":"600","typography_text_transform":"none","typography_font_style":"normal","typography_text_decoration":"none","typography_line_height":{"unit":"em","size":"1.2","sizes":[]},"typography_line_height_mobile":{"unit":"em","size":"1.1","sizes":[]},"typography_letter_spacing":{"unit":"px","size":"0","sizes":[]},"align_tablet":"center","typography_word_spacing":{"unit":"em","size":"0","sizes":[]}},"elements":[],"isInner":false,"widgetType":"heading","elType":"widget"},{"id":"3ed227e","settings":{"editor":"<p>This is your chance to emphasize why the visitor should contact you right now.<\/p>","_padding":{"unit":"%","top":"0","right":"40","bottom":"0","left":"0","isLinked":""},"_padding_tablet":{"unit":"%","top":"0","right":"5","bottom":"0","left":"5","isLinked":false},"_padding_mobile":{"unit":"%","top":"0","right":"0","bottom":"0","left":"0","isLinked":false},"align":"left","text_color":"#324A6D","typography_typography":"custom","typography_font_family":"Poppins","typography_font_size":{"unit":"px","size":"16","sizes":[]},"typography_font_size_tablet":{"unit":"px","size":"14","sizes":[]},"typography_font_weight":"300","typography_text_transform":"none","typography_font_style":"normal","typography_text_decoration":"none","typography_line_height":{"unit":"em","size":"1.5","sizes":[]},"typography_letter_spacing":{"unit":"px","size":"0","sizes":[]},"align_mobile":"center","align_tablet":"center","typography_word_spacing":{"unit":"em","size":"0","sizes":[]}},"elements":[],"isInner":false,"widgetType":"text-editor","elType":"widget"},{"id":"fb7ae72","settings":{"text":"Learn more","button_text_color":"#FFFFFF","border_border":"solid","border_width":{"unit":"px","top":"1","right":"1","bottom":"1","left":"1","isLinked":"1"},"border_color":"#467FF7","border_radius":{"unit":"px","top":"100","right":"100","bottom":"100","left":"100","isLinked":"1"},"text_padding":{"unit":"px","top":"16","right":"55","bottom":"16","left":"55","isLinked":""},"_margin":{"unit":"%","top":"","right":"","bottom":"","left":"","isLinked":"1"},"__globals__":{"button_text_color":"","border_color":"","button_background_hover_color":"","hover_color":""},"typography_typography":"custom","typography_font_family":"Poppins","typography_font_size":{"unit":"px","size":"16","sizes":[]},"typography_font_size_tablet":{"unit":"px","size":"14","sizes":[]},"typography_font_weight":"400","typography_text_transform":"capitalize","typography_font_style":"normal","typography_text_decoration":"none","typography_line_height":{"unit":"em","size":"1","sizes":[]},"typography_letter_spacing":{"unit":"px","size":"0","sizes":[]},"background_color":"#467FF7","hover_color":"#467FF7","button_background_hover_color":"#02010100","align_mobile":"center","typography_word_spacing":{"unit":"em","size":"0","sizes":[]},"text_padding_mobile":{"unit":"px","top":"15","right":"35","bottom":"15","left":"35","isLinked":""},"_margin_tablet":{"unit":"%","top":"","right":"","bottom":"","left":"","isLinked":"1"},"_margin_mobile":{"unit":"%","top":"","right":"","bottom":"","left":"","isLinked":"1"},"align_tablet":"center"},"elements":[],"isInner":false,"widgetType":"button","elType":"widget"}],"isInner":true,"elType":"container"}],"isInner":false,"elType":"container"},{"id":"e279b6b","settings":{"layout":"full_width","flex_gap":{"size":0,"unit":"%","column":"0","row":"0","isLinked":true},"structure":"30","padding":{"unit":"%","top":"0","right":"3","bottom":"0","left":"3","isLinked":""},"padding_tablet":{"unit":"%","top":"0","right":"4","bottom":"0","left":"4","isLinked":""},"padding_mobile":{"unit":"%","top":"0","right":"5","bottom":"0","left":"5","isLinked":""},"_title":"Footer","margin":{"unit":"%","top":"15","right":"0","bottom":"4","left":"0","isLinked":""},"margin_tablet":{"unit":"%","top":"15","right":"0","bottom":"6","left":"0","isLinked":""},"margin_mobile":{"unit":"%","top":"25","right":"0","bottom":"15","left":"0","isLinked":""},"content_position":"middle","html_tag":"footer","flex_direction":"row","flex_align_items":"stretch","flex_gap_tablet":{"unit":"%","size":"","sizes":[],"column":"","row":"","isLinked":true},"flex_gap_mobile":{"unit":"%","size":"","sizes":[],"column":"","row":"","isLinked":true},"flex_wrap_tablet":"wrap","boxed_width":{"unit":"px","size":1790,"sizes":[]}},"elements":[{"id":"1ff55075","settings":{"_column_size":"33","flex_gap":{"size":"","unit":"px","column":"","row":"","isLinked":true},"padding":{"unit":"%","top":"0","right":"10","bottom":"0","left":"0","isLinked":false},"flex_gap_tablet":{"size":"0","unit":"px","column":"0","row":"0","isLinked":true},"margin_tablet":{"unit":"%","top":"","right":"","bottom":"","left":"","isLinked":true},"padding_tablet":{"unit":"%","top":"","right":"","bottom":"","left":"","isLinked":"1"},"margin_mobile":{"unit":"%","top":"","right":"","bottom":"","left":"","isLinked":true},"margin":{"unit":"%","top":"","right":"","bottom":"","left":"","isLinked":true},"width_tablet":{"size":"50","unit":"%"},"content_width":"full","width":{"unit":"%","size":33.33,"sizes":[]},"flex_direction":"column","flex_justify_content":"center","padding_mobile":{"unit":"px","top":"0","right":"0","bottom":"0","left":"0","isLinked":false}},"elements":[{"id":"6b568e98","settings":{"title_text":"","description_text":"Summarize your business so the visitor can learn about your offerings from any page on your website.","title_size":"span","image_space":{"unit":"px","size":"5","sizes":[]},"image_size":{"unit":"%","size":"16","sizes":[]},"text_align":"left","__dynamic__":[],"image_space_mobile":{"unit":"px","size":"0","sizes":[]},"image":{"id":"","url":"https:\/\/staging.hezlepinc.com\/wp-content\/plugins\/elementor\/assets\/images\/placeholder.png"},"text_align_mobile":"center","title_color":"#1C244B","title_typography_typography":"custom","title_typography_font_family":"Poppins","title_typography_font_size":{"unit":"px","size":"22","sizes":[]},"title_typography_font_weight":"600","title_typography_text_transform":"none","title_typography_font_style":"normal","title_typography_text_decoration":"none","title_typography_line_height":{"unit":"em","size":"1.5","sizes":[]},"title_typography_letter_spacing":{"unit":"px","size":"0","sizes":[]},"title_typography_word_spacing":{"unit":"em","size":"0","sizes":[]},"description_color":"#324A6D","description_typography_typography":"custom","description_typography_font_family":"Poppins","description_typography_font_size":{"unit":"px","size":"16","sizes":[]},"description_typography_font_weight":"300","description_typography_text_transform":"none","description_typography_font_style":"normal","description_typography_text_decoration":"none","description_typography_line_height":{"unit":"em","size":"1.5","sizes":[]},"description_typography_letter_spacing":{"unit":"px","size":"0","sizes":[]},"description_typography_word_spacing":{"unit":"em","size":"0","sizes":[]},"_padding_mobile":{"unit":"%","top":"","right":"","bottom":"","left":"","isLinked":"1"},"_element_custom_width_tablet":{"unit":"%","size":"60","sizes":[]},"_element_custom_width_mobile":{"unit":"%","size":"","sizes":[]},"image_size_tablet":{"unit":"%","size":"30","sizes":[]},"description_typography_font_size_tablet":{"unit":"px","size":"14","sizes":[]}},"elements":[],"isInner":false,"widgetType":"image-box","elType":"widget"},{"id":"40d3edb0","settings":{"social_icon_list":[{"social_icon":{"value":"fab fa-facebook-f","library":"fa-brands"},"_id":"3f1b7ac"},{"social_icon":{"value":"","library":""},"_id":"5c0ce3c"},{"social_icon":{"value":"fab fa-twitter","library":"fa-brands"},"_id":"828f132"}],"align":"left","icon_color":"custom","icon_size":{"unit":"px","size":"23","sizes":[]},"icon_padding":{"unit":"em","size":"0","sizes":[]},"icon_spacing":{"unit":"px","size":"20","sizes":[]},"__globals__":{"icon_primary_color":"","icon_secondary_color":"","hover_secondary_color":""},"icon_size_tablet":{"unit":"px","size":"18","sizes":[]},"align_mobile":"center","icon_primary_color":"#02010100","icon_secondary_color":"#467FF7","hover_secondary_color":"#C8D5DC","_element_custom_width_tablet":{"unit":"%","size":"20","sizes":[]},"_element_custom_width_mobile":{"unit":"%","size":"","sizes":[]},"_element_vertical_align":"center","_padding_tablet":{"unit":"%","top":"","right":"","bottom":"","left":"","isLinked":"1"},"_padding_mobile":{"unit":"%","top":"","right":"","bottom":"","left":"","isLinked":"1"},"_element_vertical_align_tablet":"flex-end","_margin_tablet":{"unit":"%","top":"","right":"","bottom":"","left":"","isLinked":"1"},"_margin_mobile":{"unit":"%","top":"","right":"","bottom":"","left":"","isLinked":"1"},"_margin":{"unit":"%","top":"","right":"","bottom":"","left":"","isLinked":true},"_element_width_mobile":"inherit"},"elements":[],"isInner":false,"widgetType":"social-icons","elType":"widget"}],"isInner":true,"elType":"container"},{"id":"37536aca","settings":{"_column_size":"33","margin_mobile":{"unit":"%","top":"12","right":"0","bottom":"0","left":"0","isLinked":""},"padding":{"unit":"%","top":"0","right":"0","bottom":"0","left":"0","isLinked":false},"padding_tablet":{"unit":"%","top":"","right":"","bottom":"","left":"","isLinked":"1"},"padding_mobile":{"unit":"%","top":"","right":"","bottom":"","left":"","isLinked":true},"flex_gap":{"size":"0","unit":"px","column":"0","row":"0","isLinked":true},"border_border":"solid","border_width":{"unit":"px","top":"0","right":"1","bottom":"0","left":"1","isLinked":""},"border_width_mobile":{"unit":"px","top":"0","right":"0","bottom":"0","left":"0","isLinked":"1"},"border_color":"#324A6D","width_tablet":{"size":"50","unit":"%"},"border_width_tablet":{"unit":"px","top":"0","right":"0","bottom":"0","left":"0","isLinked":""},"margin_tablet":{"unit":"%","top":"","right":"","bottom":"","left":"","isLinked":true},"content_width":"full","width":{"unit":"%","size":33.33,"sizes":[]},"flex_direction":"column","flex_justify_content":"center"},"elements":[{"id":"5ae87613","settings":{"icon_list":[{"text":"123-456-7890","selected_icon":{"value":"","library":""},"_id":"ad6ec7f","__dynamic__":{"link":"[elementor-tag id=\"329af31\" name=\"contact-url\" settings=\"%7B%22link_type%22%3A%22tel%22%2C%22tel_number%22%3A%22123-456-7890%22%7D\"]"}},{"text":"123 Main Street. New York, NY 10001","selected_icon":{"value":"","library":""},"__dynamic__":[],"_id":"1770798"},{"text":"Mon-Fri 9:00AM - 5:00PM","selected_icon":{"value":"","library":""},"_id":"1eeac9a"}],"space_between":{"unit":"px","size":"5","sizes":[]},"__globals__":{"text_color":"","text_color_hover":"","icon_color":""},"space_between_mobile":{"unit":"px","size":"5","sizes":[]},"icon_color":"#7A7A7A","text_color":"#324A6D","icon_typography_typography":"custom","icon_typography_font_family":"Poppins","icon_typography_font_size":{"unit":"px","size":"16","sizes":[]},"icon_typography_font_weight":"300","icon_typography_text_transform":"none","icon_typography_font_style":"normal","icon_typography_text_decoration":"none","icon_typography_line_height":{"unit":"em","size":"1.5","sizes":[]},"icon_typography_letter_spacing":{"unit":"px","size":"0","sizes":[]},"icon_typography_word_spacing":{"unit":"em","size":"0","sizes":[]},"_padding":{"unit":"%","top":"","right":"","bottom":"","left":"","isLinked":"1"},"_padding_tablet":{"unit":"%","top":"","right":"","bottom":"","left":"","isLinked":"1"},"_padding_mobile":{"unit":"%","top":"","right":"","bottom":"","left":"","isLinked":"1"},"icon_align":"center","icon_align_tablet":"left","icon_align_mobile":"center","icon_typography_font_size_tablet":{"unit":"px","size":"14","sizes":[]}},"elements":[],"isInner":false,"widgetType":"icon-list","elType":"widget"}],"isInner":true,"elType":"container"},{"id":"362d9116","settings":{"_column_size":"33","padding_tablet":{"unit":"%","top":"0","right":"0","bottom":"0","left":"0","isLinked":false},"padding_mobile":{"unit":"%","top":"","right":"","bottom":"","left":"","isLinked":"1"},"flex_gap":{"size":0,"unit":"px","column":"0","row":"0","isLinked":true},"margin":{"unit":"%","top":"","right":"","bottom":"","left":"","isLinked":true},"margin_tablet":{"unit":"%","top":"8","right":"0","bottom":"0","left":"0","isLinked":""},"margin_mobile":{"unit":"%","top":"12","right":"0","bottom":"0","left":"0","isLinked":""},"padding":{"unit":"%","top":"0","right":"0","bottom":"0","left":"10","isLinked":false},"width_tablet":{"size":"100","unit":"%"},"content_width":"full","width":{"unit":"%","size":33.33,"sizes":[]},"flex_direction":"column","flex_justify_content":"center"},"elements":[{"id":"d178129","settings":{"editor":"<p>Subscribe to receive our latest updates directly in your inbox!<\/p>","align":"left","align_mobile":"center","text_color":"#324A6D","typography_typography":"custom","typography_font_family":"Poppins","typography_font_size":{"unit":"px","size":"16","sizes":[]},"typography_font_size_tablet":{"unit":"px","size":"14","sizes":[]},"typography_font_weight":"300","typography_text_transform":"none","typography_font_style":"normal","typography_text_decoration":"none","typography_line_height":{"unit":"em","size":"1.5","sizes":[]},"typography_letter_spacing":{"unit":"px","size":"0","sizes":[]},"typography_word_spacing":{"unit":"em","size":"0","sizes":[]},"_margin":{"unit":"%","top":"","right":"","bottom":"","left":"","isLinked":true},"_margin_tablet":{"unit":"%","top":"0","right":"0","bottom":"0","left":"0","isLinked":""},"_margin_mobile":{"unit":"%","top":"0","right":"0","bottom":"5","left":"0","isLinked":""},"_padding":{"unit":"%","top":"","right":"","bottom":"","left":"","isLinked":"1"},"_padding_tablet":{"unit":"%","top":"","right":"","bottom":"","left":"","isLinked":"1"},"_padding_mobile":{"unit":"%","top":"","right":"","bottom":"","left":"","isLinked":"1"}},"elements":[],"isInner":false,"widgetType":"text-editor","elType":"widget"},{"id":"18b66807","settings":{"form_name":"Newsletter Form","form_fields":[{"custom_id":"email","field_type":"email","required":"true","field_label":"Email","placeholder":"Email Address","_id":"17a75fb","width_mobile":"100","previous_button":"","next_button":"","file_sizes":"","file_types":"","allow_multiple_upload":"","max_files":"","acceptance_text":"","checked_by_default":"","field_min":"","field_max":"","min_date":"","max_date":"","use_native_date":"","use_native_time":""}],"input_size":"md","show_labels":"","button_size":"md","button_align":"start","button_align_mobile":"stretch","step_next_label":"Next","step_previous_label":"Previous","button_text":"Subscribe","email_content":"[all-fields]","email_content_2":"[all-fields]","success_message":"The form was sent successfully.","error_message":"An error occurred.","required_field_message":"This field is required.","invalid_message":"There&#039;s something wrong. The form is invalid.","row_gap":{"unit":"px","size":"26","sizes":[]},"label_color":"#7A7A7A","label_typography_typography":"custom","label_typography_font_family":"Roboto","label_typography_font_weight":"400","html_color":"#324A6D","html_typography_typography":"custom","html_typography_font_family":"Poppins","html_typography_font_weight":"300","field_text_color":"#324A6D","field_typography_typography":"custom","field_typography_font_family":"Poppins","field_typography_font_size":{"unit":"px","size":"16","sizes":[]},"field_typography_font_weight":"300","field_typography_text_transform":"none","field_typography_font_style":"normal","field_typography_text_decoration":"none","field_typography_line_height":{"unit":"em","size":"1.5","sizes":[]},"field_typography_letter_spacing":{"unit":"px","size":"0","sizes":[]},"field_typography_word_spacing":{"unit":"em","size":"0","sizes":[]},"field_border_color":"#C8D5DC","field_border_width":{"unit":"px","top":"0","right":"0","bottom":"1","left":"0","isLinked":""},"field_border_radius":{"unit":"px","top":"0","right":"0","bottom":"0","left":"0","isLinked":""},"button_typography_typography":"custom","button_typography_font_family":"Poppins","button_typography_font_size":{"unit":"px","size":"16","sizes":[]},"button_typography_font_weight":"400","button_typography_text_transform":"none","button_typography_font_style":"normal","button_typography_text_decoration":"none","button_typography_line_height":{"unit":"em","size":"1.1","sizes":[]},"button_typography_letter_spacing":{"unit":"px","size":"0","sizes":[]},"button_typography_word_spacing":{"unit":"em","size":"0","sizes":[]},"button_border_border":"solid","button_border_width":{"unit":"px","top":"1","right":"1","bottom":"1","left":"1","isLinked":"1"},"button_background_color":"#467FF7","button_border_color":"#467FF7","previous_button_background_color":"#61CE70","button_background_hover_color":"#FFFFFF","button_hover_color":"#467FF7","button_hover_border_color":"#467FF7","button_border_radius":{"unit":"px","top":"30","right":"30","bottom":"30","left":"30","isLinked":"1"},"button_text_padding":{"unit":"px","top":"16","right":"55","bottom":"16","left":"55","isLinked":""},"_padding":{"unit":"%","top":"","right":"","bottom":"","left":"","isLinked":"1"},"_padding_tablet":{"unit":"%","top":"","right":"","bottom":"","left":"","isLinked":"1"},"_padding_mobile":{"unit":"%","top":"0","right":"0","bottom":"0","left":"0","isLinked":""},"html_typography_font_size":{"unit":"px","size":"16","sizes":[]},"html_typography_text_transform":"none","html_typography_font_style":"normal","html_typography_text_decoration":"none","html_typography_line_height":{"unit":"em","size":"1.4","sizes":[]},"html_typography_letter_spacing":{"unit":"px","size":"0","sizes":[]},"html_typography_word_spacing":{"unit":"em","size":"0","sizes":[]},"message_typography_typography":"custom","message_typography_font_family":"Poppins","message_typography_font_size":{"unit":"px","size":"16","sizes":[]},"message_typography_font_size_tablet":{"unit":"px","size":"14","sizes":[]},"message_typography_font_weight":"300","message_typography_text_transform":"none","message_typography_font_style":"normal","message_typography_text_decoration":"none","message_typography_line_height":{"unit":"em","size":"1.5","sizes":[]},"message_typography_letter_spacing":{"unit":"px","size":"0","sizes":[]},"message_typography_word_spacing":{"unit":"em","size":"0","sizes":[]},"success_message_color":"#1C244B","error_message_color":"#1C244B","inline_message_color":"#1C244B","server_message":"Your submission failed because of a server error."},"elements":[],"isInner":false,"widgetType":"form","elType":"widget"}],"isInner":true,"elType":"container"}],"isInner":false,"elType":"container"},{"id":"68254eb2","settings":{"flex_gap":{"size":0,"unit":"px","column":"0","row":"0","isLinked":true},"min_height":{"unit":"px","size":"45","sizes":[]},"content_position":"middle","background_background":"classic","__globals__":{"background_color":""},"_title":"Copyright","background_color":"#467FF7","boxed_width":{"unit":"px","size":1790,"sizes":[]},"margin_tablet":{"unit":"%","top":"","right":0,"bottom":"","left":0,"isLinked":true},"margin_mobile":{"unit":"%","top":"","right":0,"bottom":"","left":0,"isLinked":true},"layout":"full_width","padding":{"unit":"%","top":"0","right":"3","bottom":"0","left":"3","isLinked":false},"padding_tablet":{"unit":"%","top":"0","right":"5","bottom":"0","left":"5","isLinked":false},"padding_mobile":{"unit":"%","top":"","right":"","bottom":"","left":"","isLinked":true},"flex_direction":"column","flex_justify_content":"center"},"elements":[{"id":"6005c6cc","settings":{"title":"\u00a9 All Rights Reserved.","header_size":"p","align":"center","__globals__":{"typography_typography":"","title_color":""},"title_color":"#FFFFFF","typography_typography":"custom","typography_font_family":"Poppins","typography_font_size":{"unit":"px","size":"16","sizes":[]},"typography_font_size_tablet":{"unit":"px","size":"14","sizes":[]},"typography_font_weight":"300","typography_text_transform":"none","typography_font_style":"normal","typography_text_decoration":"none","typography_line_height":{"unit":"em","size":"1.5","sizes":[]},"typography_letter_spacing":{"unit":"px","size":"0","sizes":[]},"__dynamic__":{"title":"[elementor-tag id=\"ab42f97\" name=\"current-date-time\" settings=\"%7B%22date_format%22%3A%22custom%22%2C%22custom_format%22%3A%22Y%22%2C%22before%22%3A%22%C2%A9%20%22%2C%22after%22%3A%22%20All%20Rights%20Reserved.%22%7D\"]"},"typography_word_spacing":{"unit":"em","size":"0","sizes":[]}},"elements":[],"isInner":false,"widgetType":"heading","elType":"widget"}],"isInner":false,"elType":"container"}],"settings":{"content_wrapper_html_tag":"footer","padding":{"unit":"%","top":"","right":"","bottom":"","left":"","isLinked":"1"},"background_background":"classic","background_color":"#FFFFFF","padding_tablet":{"unit":"%","top":"","right":"","bottom":"","left":"","isLinked":"1"},"padding_mobile":{"unit":"%","top":"","right":"","bottom":"","left":"","isLinked":"1"}},"metadata":[]}
