﻿{"content":[{"id":"205ea1f1","settings":{"boxed_width":{"unit":"px","size":970,"sizes":[]},"boxed_width_tablet":{"unit":"px","size":620,"sizes":[]},"margin":{"unit":"%","top":"","right":"","bottom":"","left":"","isLinked":true},"_title":"Title","flex_direction":"column","flex_align_items":"stretch","flex_gap":{"size":10,"unit":"px","column":"10","row":"10","isLinked":true},"boxed_width_mobile":{"unit":"%","size":100,"sizes":[]},"flex_justify_content":"center","margin_tablet":{"unit":"%","top":"","right":"","bottom":"","left":"","isLinked":true},"padding":{"unit":"%","top":"0","right":"8","bottom":"0","left":"8","isLinked":false},"padding_tablet":{"unit":"%","top":"","right":"","bottom":"","left":"","isLinked":true},"padding_mobile":{"unit":"%","top":"","right":"","bottom":"","left":"","isLinked":true}},"elements":[{"id":"5bbf7bd4","settings":{"__dynamic__":{"title":"[elementor-tag id=\"\" name=\"post-title\" settings=\"%7B%22before%22%3A%22%22%2C%22after%22%3A%22%22%2C%22fallback%22%3A%22%22%7D\"]"},"title":"Add Your Heading Text Here","align":"center","title_color":"#1C244B","typography_typography":"custom","typography_font_family":"Poppins","typography_font_size":{"unit":"px","size":65,"sizes":[]},"typography_font_size_tablet":{"unit":"px","size":45,"sizes":[]},"typography_font_size_mobile":{"unit":"px","size":28,"sizes":[]},"typography_font_weight":"600","typography_text_transform":"none","typography_font_style":"normal","typography_text_decoration":"none","typography_line_height":{"unit":"em","size":1.2,"sizes":[]},"typography_line_height_mobile":{"unit":"em","size":1.1,"sizes":[]},"typography_letter_spacing":{"unit":"px","size":0,"sizes":[]},"typography_word_spacing":{"unit":"em","size":0,"sizes":[]},"__globals__":[]},"elements":[],"isInner":false,"widgetType":"theme-post-title","elType":"widget"},{"id":"7e1c66da","settings":{"icon_list":[{"selected_icon":{"value":"fas fa-calendar","library":"fa-solid"},"_id":"7f530f1","custom_date_format":"F j, Y","custom_time_format":"g:i a","show_icon":"none"},{"type":"author","selected_icon":{"value":"far fa-user-circle","library":"fa-regular"},"_id":"6863c75","custom_date_format":"F j, Y","custom_time_format":"g:i a","show_icon":"none"}],"space_between":{"unit":"px","size":31,"sizes":[]},"icon_align":"center","divider":"yes","_margin":{"unit":"px","top":"015","right":"0","bottom":"0","left":"0","isLinked":false},"__globals__":[],"divider_color":"#1C244B","icon_color":"#1C244B","text_color":"#1C244B","icon_typography_typography":"custom","icon_typography_font_family":"Poppins","icon_typography_font_size":{"unit":"px","size":16,"sizes":[]},"icon_typography_font_size_tablet":{"unit":"px","size":14,"sizes":[]},"icon_typography_font_weight":"300","icon_typography_text_transform":"none","icon_typography_font_style":"normal","icon_typography_text_decoration":"none","icon_typography_line_height":{"unit":"em","size":1.5,"sizes":[]},"icon_typography_letter_spacing":{"unit":"px","size":0,"sizes":[]},"icon_typography_word_spacing":{"unit":"em","size":0,"sizes":[]}},"elements":[],"isInner":false,"widgetType":"post-info","elType":"widget"}],"isInner":false,"elType":"container"},{"id":"ff686f1","settings":{"boxed_width":{"unit":"px","size":970,"sizes":[]},"boxed_width_tablet":{"unit":"%","size":100,"sizes":[]},"margin":{"unit":"%","top":"8","right":"0","bottom":"0","left":"0","isLinked":false},"padding_mobile":{"unit":"%","top":"","right":"","bottom":"","left":"","isLinked":true},"_title":"Content","flex_direction":"column","flex_align_items":"stretch","flex_gap":{"size":50,"unit":"px","column":"50","row":"50","isLinked":true},"boxed_width_mobile":{"unit":"%","size":"","sizes":[]},"flex_gap_mobile":{"unit":"px","size":25,"sizes":[],"column":"25","row":"25","isLinked":true},"margin_tablet":{"unit":"%","top":"","right":"","bottom":"","left":"","isLinked":true},"padding":{"unit":"%","top":"0","right":"8","bottom":"0","left":"8","isLinked":false},"padding_tablet":{"unit":"%","top":"0","right":"5","bottom":"0","left":"5","isLinked":false}},"elements":[{"id":"fab1119","settings":{"__dynamic__":{"image":"[elementor-tag id=\"\" name=\"post-featured-image\" settings=\"%7B%22fallback%22%3A%7B%22url%22%3A%22%22%2C%22id%22%3A%22%22%7D%7D\"]"},"image_size":"full","width":{"unit":"%","size":100,"sizes":[]},"image":{"id":"23","url":"https:\/\/staging.hezlepinc.com\/wp-content\/uploads\/2025\/10\/placeholder-1-1-1.png"},"text_color":"#324A6D","caption_typography_typography":"custom","caption_typography_font_family":"Poppins","caption_typography_font_size":{"unit":"px","size":16,"sizes":[]},"caption_typography_font_size_tablet":{"unit":"px","size":14,"sizes":[]},"caption_typography_font_weight":"300","caption_typography_text_transform":"none","caption_typography_font_style":"normal","caption_typography_text_decoration":"none","caption_typography_line_height":{"unit":"em","size":1.5,"sizes":[]},"caption_typography_letter_spacing":{"unit":"px","size":0,"sizes":[]},"caption_typography_word_spacing":{"unit":"em","size":0,"sizes":[]},"__globals__":[]},"elements":[],"isInner":false,"widgetType":"theme-post-featured-image","elType":"widget"},{"id":"47ab030c","settings":{"__dynamic__":{"excerpt":"[elementor-tag id=\"\" name=\"post-excerpt\" settings=\"%7B%22before%22%3A%22%22%2C%22after%22%3A%22%22%2C%22fallback%22%3A%22%22%2C%22max_length%22%3A%22%22%7D\"]"},"__globals__":[],"title_color":"#1C244B","typography_typography":"custom","typography_font_family":"Poppins","typography_font_size":{"unit":"px","size":22,"sizes":[]},"typography_font_size_mobile":{"unit":"px","size":18,"sizes":[]},"typography_font_weight":"600","typography_text_transform":"capitalize","typography_font_style":"normal","typography_text_decoration":"none","typography_line_height":{"unit":"em","size":1.2,"sizes":[]},"typography_letter_spacing":{"unit":"px","size":0,"sizes":[]}},"elements":[],"isInner":false,"widgetType":"theme-post-excerpt","elType":"widget"},{"id":"512e9448","settings":{"align":"justify","align_mobile":"justify","text_color":"#324A6D","typography_typography":"custom","typography_font_family":"Poppins","typography_font_size":{"unit":"px","size":16,"sizes":[]},"typography_font_size_tablet":{"unit":"px","size":14,"sizes":[]},"typography_font_weight":"300","typography_text_transform":"none","typography_font_style":"normal","typography_text_decoration":"none","typography_line_height":{"unit":"em","size":1.5,"sizes":[]},"typography_letter_spacing":{"unit":"px","size":0,"sizes":[]},"typography_word_spacing":{"unit":"em","size":0,"sizes":[]},"__globals__":[]},"elements":[],"isInner":false,"widgetType":"theme-post-content","elType":"widget"},{"id":"f82ab8a","settings":{"prev_label":"Previous","next_label":"Next","show_arrow":"","show_title":"","show_borders":"","_margin":{"unit":"%","top":"3","right":"0","bottom":"0","left":"0","isLinked":false},"_padding":{"unit":"px","top":"30","right":"0","bottom":"0","left":"0","isLinked":false},"_border_border":"solid","_border_width":{"unit":"px","top":"1","right":"0","bottom":"0","left":"0","isLinked":false},"__globals__":[],"label_color":"#1C244B","label_hover_color":"#467FF7","label_typography_typography":"custom","label_typography_font_family":"Poppins","label_typography_font_size":{"unit":"px","size":16,"sizes":[]},"label_typography_font_size_tablet":{"unit":"px","size":14,"sizes":[]},"label_typography_font_weight":"400","label_typography_text_transform":"capitalize","label_typography_font_style":"italic","label_typography_text_decoration":"underline","label_typography_letter_spacing":{"unit":"px","size":0,"sizes":[]},"text_color":"#F3F5F8","title_typography_typography":"custom","title_typography_font_family":"Poppins","title_typography_font_size":{"unit":"px","size":36,"sizes":[]},"title_typography_font_size_tablet":{"unit":"px","size":25,"sizes":[]},"title_typography_font_size_mobile":{"unit":"px","size":20,"sizes":[]},"title_typography_font_weight":"600","title_typography_text_transform":"capitalize","title_typography_font_style":"normal","title_typography_text_decoration":"none","title_typography_letter_spacing":{"unit":"px","size":0,"sizes":[]},"title_typography_word_spacing":{"unit":"em","size":0,"sizes":[]},"_border_color":"#1C244B","label_typography_line_height":{"unit":"em","size":1,"sizes":[]},"label_typography_line_height_tablet":{"unit":"em","size":"","sizes":[]},"label_typography_line_height_mobile":{"unit":"em","size":"","sizes":[]},"title_typography_line_height":{"unit":"em","size":1.1,"sizes":[]}},"elements":[],"isInner":false,"widgetType":"post-navigation","elType":"widget"},{"id":"43430f68","settings":{"layout":"full_width","flex_gap":{"size":30,"unit":"px","column":"30","row":"30","isLinked":true},"content_position":"middle","structure":"20","flex_direction":"row","flex_align_items":"stretch","content_width":"full","flex_gap_mobile":{"unit":"px","size":15,"sizes":[],"column":"15","row":"15","isLinked":true},"margin_mobile":{"unit":"%","top":"5","right":"0","bottom":"0","left":"0","isLinked":false},"padding":{"unit":"px","top":"0","right":"0","bottom":"0","left":"0","isLinked":false}},"elements":[{"id":"17905f52","settings":{"title":"Share the Post:","header_size":"span","_element_vertical_align":"center","__globals__":[],"title_color":"#324A6D","typography_typography":"custom","typography_font_family":"Poppins","typography_font_size":{"unit":"px","size":16,"sizes":[]},"typography_font_size_tablet":{"unit":"px","size":14,"sizes":[]},"typography_font_weight":"300","typography_text_transform":"none","typography_font_style":"normal","typography_text_decoration":"none","typography_line_height":{"unit":"em","size":1.5,"sizes":[]},"typography_letter_spacing":{"unit":"px","size":0,"sizes":[]},"typography_word_spacing":{"unit":"em","size":0,"sizes":[]}},"elements":[],"isInner":false,"widgetType":"heading","elType":"widget"},{"id":"5bf7c7db","settings":{"share_buttons":[{"_id":"73b1c48"},{"button":"twitter","_id":"d731978"},{"button":"linkedin","_id":"825e7c4"}],"view":"icon","skin":"minimal","column_gap":{"unit":"px","size":22,"sizes":[]},"column_gap_mobile":{"unit":"px","size":16,"sizes":[]},"button_size":{"unit":"px","size":0.5,"sizes":[]},"icon_size":{"unit":"px","size":22,"sizes":[]},"icon_size_tablet":{"unit":"px","size":"","sizes":[]},"icon_size_mobile":{"unit":"px","size":18,"sizes":[]},"color_source":"custom","_element_vertical_align":"center","__globals__":[],"primary_color":"#02010100","secondary_color":"#467FF7","secondary_color_hover":"#C8D5DC"},"elements":[],"isInner":false,"widgetType":"share-buttons","elType":"widget"}],"isInner":true,"elType":"container"}],"isInner":false,"elType":"container"},{"id":"6d247373","settings":{"boxed_width":{"unit":"px","size":970,"sizes":[]},"boxed_width_tablet":{"unit":"%","size":100,"sizes":[]},"margin":{"unit":"%","top":"12","right":"0","bottom":"0","left":"0","isLinked":false},"margin_mobile":{"unit":"%","top":"35","right":"0","bottom":"0","left":"0","isLinked":false},"_title":"Related Posts","flex_direction":"column","flex_align_items":"stretch","flex_gap":{"size":100,"unit":"px","column":"100","row":"100","isLinked":true},"boxed_width_mobile":{"unit":"%","size":"","sizes":[]},"flex_gap_tablet":{"unit":"px","size":50,"sizes":[],"column":"50","row":"50","isLinked":true},"flex_gap_mobile":{"unit":"px","size":20,"sizes":[],"column":"20","row":"20","isLinked":true},"margin_tablet":{"unit":"%","top":"","right":"","bottom":"","left":"","isLinked":true},"padding":{"unit":"%","top":"0","right":"8","bottom":"0","left":"8","isLinked":false},"padding_tablet":{"unit":"%","top":"0","right":"5","bottom":"0","left":"5","isLinked":false},"padding_mobile":{"unit":"%","top":"","right":"","bottom":"","left":"","isLinked":true}},"elements":[{"id":"185f0fdc","settings":{"title":"Related Posts","align":"center","title_color":"#1C244B","typography_typography":"custom","typography_font_family":"Poppins","typography_font_size":{"unit":"px","size":65,"sizes":[]},"typography_font_size_tablet":{"unit":"px","size":45,"sizes":[]},"typography_font_size_mobile":{"unit":"px","size":28,"sizes":[]},"typography_font_weight":"600","typography_text_transform":"none","typography_font_style":"normal","typography_text_decoration":"none","typography_line_height":{"unit":"em","size":1.2,"sizes":[]},"typography_line_height_mobile":{"unit":"em","size":1.1,"sizes":[]},"typography_letter_spacing":{"unit":"px","size":0,"sizes":[]},"typography_word_spacing":{"unit":"em","size":0,"sizes":[]},"__globals__":[]},"elements":[],"isInner":false,"widgetType":"heading","elType":"widget"},{"id":"10237b37","settings":{"_skin":"cards","classic_meta_separator":"\/\/\/","classic_read_more_text":"Read More \u00bb","cards_meta_data":[],"cards_meta_separator":"\u2022","cards_read_more_text":"Read More","cards_show_avatar":"","full_content_meta_separator":"\/\/\/","cards_box_shadow_box_shadow_type":"","cards_hover_effect":"none","cards_badge_position":"left","cards_badge_color":"#F3F5F8","cards_title_spacing":{"unit":"px","size":8,"sizes":[]},"pagination_page_limit":"5","pagination_prev_label":"&laquo; Previous","pagination_next_label":"Next &raquo;","text":"Load More","load_more_no_posts_custom_message":"No more posts to show","__globals__":[],"cards_badge_typography_font_size":{"unit":"px","size":16,"sizes":[]},"cards_badge_typography_font_size_tablet":{"unit":"px","size":14,"sizes":[]},"cards_column_gap":{"unit":"px","size":60,"sizes":[]},"cards_row_gap":{"unit":"px","size":80,"sizes":[]},"cards_card_border_width":{"unit":"px","size":0,"sizes":[]},"posts_offset":"","cards_column_gap_mobile":{"unit":"px","size":30,"sizes":[]},"cards_row_gap_tablet":{"unit":"px","size":71,"sizes":[]},"cards_row_gap_mobile":{"unit":"px","size":30,"sizes":[]},"cards_card_padding":{"unit":"px","size":0,"sizes":[]},"cards_badge_margin":{"unit":"px","size":1,"sizes":[]},"cards_title_spacing_mobile":{"unit":"px","size":9,"sizes":[]},"cards_badge_radius":{"unit":"px","size":0,"sizes":[]},"cards_columns":"2","cards_posts_per_page":2,"cards_thumbnail_size_size":"full","cards_item_ratio":{"unit":"px","size":0.8,"sizes":[]},"cards_title_tag":"h4","cards_excerpt_length":20,"cards_show_badge":"","posts_exclude":["current_post"],"classic_title_color":"#F3F5F8","classic_read_more_color":"#467FF7","cards_meta_border_color":"#1C244B","cards_badge_bg_color":"#467FF7","cards_title_color":"#1C244B","cards_read_more_color":"#467FF7","full_content_title_color":"#F3F5F8","full_content_read_more_color":"#467FF7","pagination_typography_typography":"custom","pagination_typography_font_family":"Poppins","pagination_typography_font_size":{"unit":"px","size":36,"sizes":[]},"pagination_typography_font_size_tablet":{"unit":"px","size":25,"sizes":[]},"pagination_typography_font_size_mobile":{"unit":"px","size":20,"sizes":[]},"pagination_typography_font_weight":"600","pagination_typography_text_transform":"capitalize","pagination_typography_font_style":"normal","pagination_typography_text_decoration":"none","pagination_typography_line_height":{"unit":"em","size":1.1,"sizes":[]},"pagination_typography_letter_spacing":{"unit":"px","size":0,"sizes":[]},"pagination_typography_word_spacing":{"unit":"em","size":0,"sizes":[]},"typography_typography":"custom","typography_font_family":"Poppins","typography_font_size":{"unit":"px","size":16,"sizes":[]},"typography_font_size_tablet":{"unit":"px","size":14,"sizes":[]},"typography_font_weight":"400","typography_text_transform":"capitalize","typography_font_style":"normal","typography_text_decoration":"none","typography_line_height":{"unit":"em","size":1,"sizes":[]},"typography_letter_spacing":{"unit":"px","size":0,"sizes":[]},"typography_word_spacing":{"unit":"em","size":0,"sizes":[]},"background_color":"#467FF7","_border_color":"#1C244B","classic_typography_typography":"custom","classic_typography_font_family":"Poppins","classic_typography_font_weight":"400","classic_typography_font_size":{"unit":"px","size":16,"sizes":[]},"classic_typography_text_transform":"capitalize","classic_typography_font_style":"normal","classic_typography_text_decoration":"none","classic_typography_line_height":{"unit":"em","size":1,"sizes":[]},"classic_typography_font_size_tablet":{"unit":"px","size":14,"sizes":[]},"classic_typography_font_size_mobile":{"unit":"px","size":20,"sizes":[]},"classic_typography_letter_spacing":{"unit":"px","size":0,"sizes":[]},"classic_typography_word_spacing":{"unit":"em","size":0,"sizes":[]},"classic_typography_line_height_mobile":{"unit":"em","size":1.1,"sizes":[]},"cards_typography_typography":"custom","cards_typography_font_family":"Poppins","cards_typography_font_size":{"unit":"px","size":16,"sizes":[]},"cards_typography_font_size_tablet":{"unit":"px","size":14,"sizes":[]},"cards_typography_font_weight":"400","cards_typography_text_transform":"capitalize","cards_typography_font_style":"italic","cards_typography_text_decoration":"underline","cards_typography_line_height":{"unit":"em","size":1,"sizes":[]},"cards_typography_letter_spacing":{"unit":"px","size":0,"sizes":[]},"cards_typography_font_size_mobile":{"unit":"px","size":"","sizes":[]},"cards_typography_line_height_tablet":{"unit":"em","size":"","sizes":[]},"cards_typography_line_height_mobile":{"unit":"em","size":"","sizes":[]},"cards_typography_letter_spacing_tablet":{"unit":"px","size":"","sizes":[]},"cards_typography_letter_spacing_mobile":{"unit":"px","size":"","sizes":[]},"cards_typography_word_spacing":{"unit":"em","size":"","sizes":[]},"cards_typography_word_spacing_tablet":{"unit":"em","size":"","sizes":[]},"cards_typography_word_spacing_mobile":{"unit":"em","size":"","sizes":[]},"full_typography_typography":"custom","full_typography_font_family":"Poppins","full_typography_font_weight":"400","full_typography_font_size":{"unit":"px","size":16,"sizes":[]},"full_typography_text_transform":"capitalize","full_typography_font_style":"normal","full_typography_text_decoration":"none","full_typography_line_height":{"unit":"em","size":1,"sizes":[]},"full_typography_font_size_tablet":{"unit":"px","size":14,"sizes":[]},"full_typography_font_size_mobile":{"unit":"px","size":20,"sizes":[]},"full_typography_letter_spacing":{"unit":"px","size":0,"sizes":[]},"full_typography_word_spacing":{"unit":"em","size":0,"sizes":[]},"full_typography_line_height_mobile":{"unit":"em","size":1.1,"sizes":[]},"load_typography_typography":"custom","load_typography_font_family":"Poppins","load_typography_font_weight":"600","load_typography_font_size":{"unit":"px","size":36,"sizes":[]},"load_typography_text_transform":"capitalize","load_typography_font_style":"normal","load_typography_text_decoration":"none","load_typography_line_height":{"unit":"em","size":1.1,"sizes":[]},"load_typography_font_size_mobile":{"unit":"px","size":20,"sizes":[]},"load_typography_letter_spacing":{"unit":"px","size":0,"sizes":[]},"load_typography_word_spacing":{"unit":"em","size":0,"sizes":[]},"load_typography_font_size_tablet":{"unit":"px","size":25,"sizes":[]},"cards_title_typography_typography":"custom","cards_title_typography_font_family":"Poppins","cards_title_typography_font_size":{"unit":"px","size":22,"sizes":[]},"cards_title_typography_font_size_mobile":{"unit":"px","size":18,"sizes":[]},"cards_title_typography_font_weight":"600","cards_title_typography_text_transform":"none","cards_title_typography_font_style":"normal","cards_title_typography_text_decoration":"none","cards_title_typography_line_height":{"unit":"em","size":1.2,"sizes":[]},"cards_title_typography_line_height_mobile":{"unit":"em","size":1.1,"sizes":[]},"cards_title_typography_letter_spacing":{"unit":"px","size":0,"sizes":[]},"cards_title_typography_word_spacing":{"unit":"em","size":0,"sizes":[]},"cards_read_more_typography_typography":"custom","cards_read_more_typography_font_family":"Poppins","cards_read_more_typography_font_size":{"unit":"px","size":16,"sizes":[]},"cards_read_more_typography_font_size_tablet":{"unit":"px","size":14,"sizes":[]},"cards_read_more_typography_font_weight":"400","cards_read_more_typography_text_transform":"capitalize","cards_read_more_typography_font_style":"italic","cards_read_more_typography_text_decoration":"underline","cards_read_more_typography_line_height":{"unit":"em","size":1,"sizes":[]},"cards_read_more_typography_letter_spacing":{"unit":"px","size":0,"sizes":[]},"cards_read_more_typography_word_spacing":{"unit":"em","size":0,"sizes":[]}},"elements":[],"isInner":false,"widgetType":"posts","elType":"widget"}],"isInner":false,"elType":"container"},{"id":"32396ace","settings":{"flex_gap":{"size":30,"unit":"px","column":"30","row":"30","isLinked":true},"structure":"20","padding":{"unit":"%","top":"0","right":"8","bottom":"0","left":"8","isLinked":false},"padding_tablet":{"unit":"%","top":"8","right":"5","bottom":"8","left":"5","isLinked":""},"reverse_order_tablet":"reverse-tablet","reverse_order_mobile":"reverse-mobile","padding_mobile":{"unit":"%","top":"20","right":"5","bottom":"20","left":"5","isLinked":""},"_title":"Footer","background_background":"classic","margin":{"unit":"%","top":"12","right":0,"bottom":"0","left":0,"isLinked":false},"margin_tablet":{"unit":"%","top":"15","right":"0","bottom":"0","left":"0","isLinked":false},"margin_mobile":{"unit":"%","top":"","right":"","bottom":"","left":"","isLinked":true},"__globals__":{"background_color":""},"html_tag":"footer","flex_direction":"column","flex_align_items":"center","boxed_width":{"unit":"px","size":880,"sizes":[]},"min_height":{"unit":"px","size":455,"sizes":[]},"min_height_tablet":{"unit":"px","size":0,"sizes":[]},"flex_justify_content":"center","background_color":"#F3F5F8"},"elements":[{"id":"38b780d8","settings":{"title":"Join Our Newsletter","title_color":"#1C244B","typography_typography":"custom","typography_font_family":"Poppins","typography_font_size":{"unit":"px","size":65,"sizes":[]},"typography_font_size_tablet":{"unit":"px","size":45,"sizes":[]},"typography_font_size_mobile":{"unit":"px","size":28,"sizes":[]},"typography_font_weight":"600","typography_text_transform":"none","typography_font_style":"normal","typography_text_decoration":"none","typography_line_height":{"unit":"em","size":1.2,"sizes":[]},"typography_line_height_mobile":{"unit":"em","size":1.1,"sizes":[]},"typography_letter_spacing":{"unit":"px","size":0,"sizes":[]},"typography_word_spacing":{"unit":"em","size":0,"sizes":[]}},"elements":[],"isInner":false,"widgetType":"heading","elType":"widget"},{"id":"654a1c63","settings":{"form_name":"Newsletter Form","form_fields":[{"_id":"7a6d165","field_label":"Full Name","placeholder":"Full Name","width":"33","custom_id":"field_7a6d165","previous_button":"","next_button":"","file_sizes":"","file_types":"","allow_multiple_upload":"","max_files":"","acceptance_text":"","checked_by_default":"","field_min":"","field_max":"","min_date":"","max_date":"","use_native_date":"","use_native_time":""},{"custom_id":"email","field_type":"email","required":"true","field_label":"Email","placeholder":"Email","_id":"cd2e872","width":"33","previous_button":"","next_button":"","file_sizes":"","file_types":"","allow_multiple_upload":"","max_files":"","acceptance_text":"","checked_by_default":"","field_min":"","field_max":"","min_date":"","max_date":"","use_native_date":"","use_native_time":""}],"step_next_label":"Next","step_previous_label":"Previous","button_text":"Submit","email_content":"[all-fields]","email_content_2":"[all-fields]","success_message":"The form was sent successfully.","error_message":"An error occurred.","required_field_message":"This field is required.","invalid_message":"There's something wrong. The form is invalid.","html_spacing":{"unit":"px","size":41,"sizes":[]},"_margin":{"unit":"%","top":"","right":"","bottom":"","left":"","isLinked":true},"_padding":{"unit":"%","top":"","right":"","bottom":"","left":"","isLinked":true},"__globals__":{"_background_color":"","success_message_color":"","error_message_color":"","inline_message_color":"","field_text_color":"","field_border_color":"","button_text_color":"","button_border_color":"","button_background_hover_color":"","button_hover_border_color":"","button_hover_color":"","field_typography_typography":""},"show_labels":"","column_gap":{"unit":"px","size":20,"sizes":[]},"row_gap":{"unit":"px","size":20,"sizes":[]},"field_text_color":"#324A6D","field_background_color":"","field_border_color":"#C8D5DC","field_border_width":{"unit":"px","top":"1","right":"1","bottom":"1","left":"1","isLinked":true},"field_border_radius":{"unit":"px","top":"0","right":"0","bottom":"0","left":"0","isLinked":false},"button_border_border":"solid","button_border_width":{"unit":"px","top":"1","right":"1","bottom":"1","left":"1","isLinked":true},"button_text_color":"#FFFFFF","button_border_color":"#467FF7","button_background_hover_color":"#02010100","button_hover_color":"#467FF7","button_hover_border_color":"#467FF7","button_border_radius":{"unit":"px","top":"50","right":"50","bottom":"50","left":"50","isLinked":true},"button_text_padding":{"unit":"%","top":"2","right":"10","bottom":"2","left":"10","isLinked":false},"success_message_color":"#324A6D","error_message_color":"#324A6D","inline_message_color":"#324A6D","input_size":"md","button_size":"md","button_width":"33","_element_width":"inherit","_element_custom_width":{"unit":"px","size":"","sizes":[]},"_element_custom_width_tablet":{"unit":"%","size":"","sizes":[]},"_element_custom_width_mobile":{"unit":"%","size":"","sizes":[]},"field_typography_typography":"custom","field_typography_font_family":"Poppins","field_typography_font_size":{"unit":"px","size":16,"sizes":[]},"field_typography_font_size_tablet":{"unit":"px","size":14,"sizes":[]},"field_typography_font_weight":"300","field_typography_text_transform":"none","field_typography_font_style":"normal","field_typography_text_decoration":"none","field_typography_line_height":{"unit":"em","size":1.5,"sizes":[]},"field_typography_letter_spacing":{"unit":"px","size":0,"sizes":[]},"field_typography_word_spacing":{"unit":"em","size":0,"sizes":[]},"button_typography_typography":"custom","button_typography_font_family":"Poppins","button_typography_font_size":{"unit":"px","size":16,"sizes":[]},"button_typography_font_size_tablet":{"unit":"px","size":14,"sizes":[]},"button_typography_font_weight":"400","button_typography_text_transform":"capitalize","button_typography_font_style":"normal","button_typography_text_decoration":"none","button_typography_line_height":{"unit":"em","size":1,"sizes":[]},"button_typography_letter_spacing":{"unit":"px","size":0,"sizes":[]},"button_typography_word_spacing":{"unit":"em","size":0,"sizes":[]},"button_background_color":"#467FF7","message_typography_typography":"custom","message_typography_font_family":"Poppins","message_typography_font_size":{"unit":"px","size":16,"sizes":[]},"message_typography_font_size_tablet":{"unit":"px","size":14,"sizes":[]},"message_typography_font_weight":"300","message_typography_text_transform":"none","message_typography_font_style":"normal","message_typography_text_decoration":"none","message_typography_line_height":{"unit":"em","size":1.5,"sizes":[]},"message_typography_letter_spacing":{"unit":"px","size":0,"sizes":[]},"message_typography_word_spacing":{"unit":"em","size":0,"sizes":[]},"server_message":"Your submission failed because of a server error."},"elements":[],"isInner":false,"widgetType":"form","elType":"widget"}],"isInner":false,"elType":"container"}],"settings":{"background_background":"classic","background_color":"#FFFFFF"},"metadata":[]}
