{"content":[{"id":"6b9bec3a","settings":{"layout":"full_width","flex_gap":{"size":0,"unit":"px","column":"0","row":"0","isLinked":true},"min_height":{"unit":"px","size":100,"sizes":[]},"content_position":"middle","padding":{"unit":"%","top":"0","right":"8","bottom":"0","left":"8","isLinked":""},"background_background":"classic","background_motion_fx_opacity_range":{"unit":"%","size":"","sizes":{"start":"0","end":1}},"margin":{"unit":"%","top":"0","right":0,"bottom":"5","left":0,"isLinked":false},"z_index":"95","sticky":"top","__globals__":[],"padding_tablet":{"unit":"%","top":"0","right":"5","bottom":"0","left":"5","isLinked":""},"padding_mobile":{"unit":"%","top":"","right":"","bottom":"","left":"","isLinked":"1"},"background_motion_fx_range":"page","margin_mobile":{"unit":"%","top":"","right":0,"bottom":"","left":0,"isLinked":true},"_title":"Header","min_height_tablet":{"unit":"px","size":85,"sizes":[]},"structure":"30","margin_tablet":{"unit":"%","top":"","right":"","bottom":"","left":"","isLinked":true},"min_height_mobile":{"unit":"px","size":65,"sizes":[]},"flex_direction":"row","flex_align_items":"stretch","content_width":"full","background_color":"#FFFFFF"},"elements":[{"id":"c322517","settings":{"_column_size":33,"width":{"size":40,"unit":"%"},"width_tablet":{"size":15,"unit":"%"},"width_mobile":{"size":20,"unit":"%"},"content_width":"full","flex_direction":"column","flex_justify_content":"center","flex_gap":{"unit":"px","size":20,"sizes":[],"column":"20","row":"20","isLinked":true},"padding":{"unit":"px","top":"0","right":"0","bottom":"0","left":"0","isLinked":false}},"elements":[{"id":"2d3b1f37","settings":{"__dynamic__":{"image":"[elementor-tag id=\"\" name=\"site-logo\" settings=\"%7B%7D\"]","link":"[elementor-tag id=\"\" name=\"site-url\" settings=\"%7B%7D\"]"},"width":{"unit":"%","size":100,"sizes":[]},"css_filters_brightness":{"unit":"px","size":0,"sizes":[]},"css_filters_saturate":{"unit":"px","size":0,"sizes":[]},"height":{"unit":"px","size":34,"sizes":[]},"object-fit":"contain","width_tablet":{"unit":"px","size":"","sizes":[]},"width_mobile":{"unit":"px","size":"","sizes":[]},"height_tablet":{"unit":"px","size":27,"sizes":[]},"height_mobile":{"unit":"px","size":20,"sizes":[]},"align":"left","image":{"id":"16","url":"https:\/\/staging.sparky-hq.com\/wp-content\/uploads\/2025\/10\/placeholder-4.png"},"text_color":"#324A6D","caption_typography_typography":"custom","caption_typography_font_family":"Poppins","caption_typography_font_size":{"unit":"px","size":16,"sizes":[]},"caption_typography_font_size_tablet":{"unit":"px","size":14,"sizes":[]},"caption_typography_font_weight":"300","caption_typography_text_transform":"none","caption_typography_font_style":"normal","caption_typography_text_decoration":"none","caption_typography_line_height":{"unit":"em","size":1.5,"sizes":[]},"caption_typography_letter_spacing":{"unit":"px","size":0,"sizes":[]},"caption_typography_word_spacing":{"unit":"em","size":0,"sizes":[]},"__globals__":[]},"elements":[],"isInner":false,"widgetType":"theme-site-logo","elType":"widget"}],"isInner":true,"elType":"container"},{"id":"5154c63b","settings":{"_column_size":33,"width":{"size":60,"unit":"%"},"width_tablet":{"size":85,"unit":"%"},"width_mobile":{"size":80,"unit":"%"},"margin":{"unit":"%","top":"","right":"","bottom":"","left":"","isLinked":true},"margin_tablet":{"unit":"%","top":"","right":"","bottom":"","left":"","isLinked":true},"margin_mobile":{"unit":"%","top":"","right":"","bottom":"","left":"","isLinked":true},"padding":{"unit":"%","top":"0","right":"0","bottom":"0","left":"0","isLinked":false},"padding_tablet":{"unit":"%","top":"","right":"","bottom":"","left":"","isLinked":true},"padding_mobile":{"unit":"%","top":"","right":"","bottom":"","left":"","isLinked":true},"content_width":"full","flex_direction":"row","flex_justify_content":"flex-end","flex_align_items":"center","flex_gap":{"unit":"px","size":20,"sizes":[],"column":"20","row":"20","isLinked":true}},"elements":[{"id":"6753c997","settings":{"full_width":"stretch","pointer_width":{"unit":"px","size":1,"sizes":[]},"padding_horizontal_menu_item":{"unit":"px","size":"0","sizes":[]},"padding_vertical_menu_item":{"unit":"px","size":"5","sizes":[]},"menu_space_between":{"unit":"px","size":"30","sizes":[]},"__globals__":[],"animation_text":"skew","padding_vertical_dropdown_item_mobile":{"unit":"px","size":"14","sizes":[]},"dropdown_top_distance_mobile":{"unit":"px","size":"15","sizes":[]},"toggle_size_mobile":{"unit":"px","size":"20","sizes":[]},"color_menu_item":"#1C244B","color_menu_item_active":"#324A6D","color_dropdown_item":"#1C244B","background_color_dropdown_item":"#F3F5F8","background_color_dropdown_item_hover":"#F9FAFD","background_color_dropdown_item_active":"#F9FAFD","toggle_color":"#467FF7","toggle_background_color":"#02010100","align_items":"right","dropdown":"mobile","toggle_align":"right","menu_typography_typography":"custom","menu_typography_font_family":"Poppins","menu_typography_font_size":{"unit":"px","size":16,"sizes":[]},"menu_typography_font_size_tablet":{"unit":"px","size":14,"sizes":[]},"menu_typography_font_weight":"400","menu_typography_text_transform":"capitalize","menu_typography_font_style":"normal","menu_typography_text_decoration":"none","menu_typography_line_height":{"unit":"em","size":1,"sizes":[]},"menu_typography_letter_spacing":{"unit":"px","size":0,"sizes":[]},"menu_typography_word_spacing":{"unit":"em","size":0,"sizes":[]},"color_menu_item_hover":"#324A6D","pointer_color_menu_item_hover":"#324A6D","pointer_color_menu_item_active":"#324A6D","nav_menu_divider_color":"#324A6D","dropdown_typography_typography":"custom","dropdown_typography_font_family":"Poppins","dropdown_typography_font_size":{"unit":"px","size":16,"sizes":[]},"dropdown_typography_font_size_tablet":{"unit":"px","size":14,"sizes":[]},"dropdown_typography_font_weight":"400","dropdown_typography_text_transform":"capitalize","dropdown_typography_font_style":"normal","dropdown_typography_text_decoration":"none","dropdown_typography_letter_spacing":{"unit":"px","size":0,"sizes":[]},"dropdown_typography_word_spacing":{"unit":"em","size":0,"sizes":[]},"dropdown_typography_line_height":{"unit":"em","size":1,"sizes":[]},"menu_name":"Menu","menu":"primary","menu_id":2},"elements":[],"isInner":false,"widgetType":"nav-menu","elType":"widget"},{"id":"adced4b","settings":{"text":"Contact us","align":"right","button_text_color":"#FFFFFF","border_border":"solid","border_width":{"unit":"px","top":"1","right":"1","bottom":"1","left":"1","isLinked":"1"},"border_color":"#467FF7","border_radius":{"unit":"px","top":"100","right":"100","bottom":"100","left":"100","isLinked":"1"},"text_padding":{"unit":"px","top":"16","right":"45","bottom":"16","left":"45","isLinked":""},"__globals__":[],"text_padding_tablet":{"unit":"px","top":"14","right":"35","bottom":"14","left":"35","isLinked":false},"text_padding_mobile":{"unit":"px","top":"12","right":"25","bottom":"12","left":"25","isLinked":false},"link":{"url":"","is_external":"","nofollow":"","custom_attributes":""},"__dynamic__":{"link":"[elementor-tag id=\"99c6d50\" name=\"internal-url\" settings=\"%7B%22type%22%3A%22post%22%2C%22post_id%22%3A1053%2C%22taxonomy_id%22%3A%22%22%2C%22attachment_id%22%3A%22%22%2C%22author_id%22%3A%22%22%7D\"]"},"typography_typography":"custom","typography_font_family":"Poppins","typography_font_size":{"unit":"px","size":16,"sizes":[]},"typography_font_size_tablet":{"unit":"px","size":14,"sizes":[]},"typography_font_weight":"400","typography_text_transform":"capitalize","typography_font_style":"normal","typography_text_decoration":"none","typography_line_height":{"unit":"em","size":1,"sizes":[]},"typography_letter_spacing":{"unit":"px","size":0,"sizes":[]},"typography_word_spacing":{"unit":"em","size":0,"sizes":[]},"background_color":"#467FF7","hover_color":"#467FF7","button_background_hover_color":"#02010100","_flex_size":"grow"},"elements":[],"isInner":false,"widgetType":"button","elType":"widget"}],"isInner":true,"elType":"container"}],"isInner":false,"elType":"container"}],"settings":[],"metadata":[]}